day,daily_volume
2024年10月27日,26633740.59
2024年10月26日,17633022.26
2024年10月25日,45183756.7
2024年10月24日,28886385.66
2024年10月23日,43040063.94
2024年10月22日,52477085.16
2024年10月21日,30715965.07
2024年10月20日,27702564.52
2024年10月19日,17679347.8
2024年10月18日,38862431.19
2024年10月17日,43601346.82
2024年10月16日,33054065.02
2024年10月15日,47687483.9
2024年10月14日,44989029.81
2024年10月13日,24194397.32
2024年10月12日,18014135.58
2024年10月11日,26063036.88
2024年10月10日,22222472.58
2024年10月9日,23376569.27
2024年10月8日,23304486.3
2024年10月7日,21100090.82
2024年10月6日,13185600.78
2024年10月5日,8474497.629
2024年10月4日,22552664.34
2024年10月3日,28200009.6
2024年10月2日,33322616.7
2024年10月1日,44600059.36
2024年9月30日,31108322.59
2024年9月29日,17245125.77
2024年9月28日,17734009.61
2024年9月27日,32476426.87
2024年9月26日,26933662.79
2024年9月25日,32416745.83
2024年9月24日,40498898.74
2024年9月23日,34380686.91
2024年9月22日,12149484.16
2024年9月21日,15859691.72
2024年9月20日,41546228.16
2024年9月19日,28896998.75
2024年9月18日,23721613.07
2024年9月17日,23290786.54
2024年9月16日,22797372.28
2024年9月15日,13406489.54
2024年9月14日,11153935.15
2024年9月13日,32867543.72
2024年9月12日,38123718.52
2024年9月11日,46947296.39
2024年9月10日,38671449.93
2024年9月9日,71127169.47
2024年9月8日,42626192.4
2024年9月7日,27098273.94
2024年9月6日,128749908.8
2024年9月5日,40240016.29
2024年9月4日,34289986.26
2024年9月3日,39043091.51
2024年9月2日,35173783.1
2024年9月1日,60031555.52
2024年8月31日,27656130.87
2024年8月30日,83663137.6
2024年8月29日,51188931.01
2024年8月28日,100006626.1
2024年8月27日,96063125.8
2024年8月26日,95546899.06
2024年8月25日,31287099.79
2024年8月24日,109289736.8
2024年8月23日,60351082.78
2024年8月22日,110279298.2
2024年8月21日,151414848.5
2024年8月20日,81393216.93
2024年8月19日,165931087
2024年8月18日,18319363.73
2024年8月17日,8792660.158
2024年8月16日,107485538
2024年8月15日,232941908.2
2024年8月14日,122230987.4
2024年8月13日,66536262.11
2024年8月12日,55716746.39
2024年8月11日,156553526.7
2024年8月10日,75745687.3
2024年8月9日,46730475.42
2024年8月8日,129196124.1
2024年8月7日,91980575.6
2024年8月6日,94352341.24
2024年8月5日,196369734.4
2024年8月4日,40288830.77
2024年8月3日,19368917.13
2024年8月2日,70623753.79
2024年8月1日,60057727.49
2024年7月31日,139177269
2024年7月30日,178356357.8
2024年7月29日,187171874.6
2024年7月28日,53320246.97
2024年7月27日,123808094.3
2024年7月26日,75754152.4
2024年7月25日,190994546
2024年7月24日,203908836.7
2024年7月23日,142059786.7
2024年7月22日,123418286.4
2024年7月21日,106330086.2
2024年7月20日,66867274.16
2024年7月19日,185882624.6
2024年7月18日,214790418.3
2024年7月17日,180838189.3
2024年7月16日,251206928
2024年7月15日,80958033.3
2024年7月14日,67154192.52
2024年7月13日,28059272.96
2024年7月12日,100449013.1
2024年7月11日,191506771.5
2024年7月10日,82299716.23
2024年7月9日,93270315.71
2024年7月8日,68457599.68
2024年7月7日,98953985.52
2024年7月6日,81923961.49
2024年7月5日,276508128.2
2024年7月4日,138460438
2024年7月3日,204179007.1
2024年7月2日,66926979.09
2024年7月1日,57081548.54
2024年6月30日,19634224.83
2024年6月29日,11182725.8
2024年6月28日,34490965.81
2024年6月27日,64278140.54
2024年6月26日,101528693.3
2024年6月25日,93234911.02
2024年6月24日,85043559.09
2024年6月23日,40996230.94
2024年6月22日,44906214.77
2024年6月21日,59552460.15
2024年6月20日,171368574.4
2024年6月19日,124275297.4
2024年6月18日,148278051.1
2024年6月17日,51104941.04
2024年6月16日,27870825.59
2024年6月15日,106379491.3
2024年6月14日,139348881.2
2024年6月13日,70084517.45
2024年6月12日,300009177
2024年6月11日,119564354.3
2024年6月10日,83847080.51
2024年6月9日,18117553.43
2024年6月8日,16446015.51
2024年6月7日,73688417
2024年6月6日,54699410.07
2024年6月5日,22763350.13
2024年6月4日,45031901.44
2024年6月3日,42299681.11
2024年6月2日,27123517.11
2024年6月1日,10611491.52
2024年5月31日,30028513.86
2024年5月30日,47757765.79
2024年5月29日,43080977.08
2024年5月28日,39733562.32
2024年5月27日,32457000.91
2024年5月26日,14728111.78
2024年5月25日,13156411.89
2024年5月24日,29615268.4
2024年5月23日,76980533.76
2024年5月22日,134881624.2
2024年5月21日,83732959.91
2024年5月20日,49927304.31
2024年5月19日,13019716.25
2024年5月18日,12472269.01
2024年5月17日,28876411.28
2024年5月16日,51755955.96
2024年5月15日,84780006.14
2024年5月14日,57095458.7
2024年5月13日,63246560.61
2024年5月12日,24093512.36
2024年5月11日,17545100.01
2024年5月10日,39986348.99
2024年5月9日,75002007.53
2024年5月8日,60562598.53
2024年5月7日,79994836
2024年5月6日,38952933.71
2024年5月5日,34902175.93
2024年5月4日,28707192.73
2024年5月3日,65980713.56
2024年5月2日,81999785
2024年5月1日,75885458.13
2024年4月30日,72249916.98
2024年4月29日,131656331.6
2024年4月28日,24208350.29
2024年4月27日,19068223.33
2024年4月26日,79145160.7
2024年4月25日,56979874.56
2024年4月24日,257990322.6
2024年4月23日,47212398.52
2024年4月22日,52510873.86
2024年4月21日,19857549.14
2024年4月20日,36760008
2024年4月19日,77207670.36
2024年4月18日,82508753.37
2024年4月17日,63663054.9
2024年4月16日,55376444.82
2024年4月15日,57476284.81
2024年4月14日,38020775.66
2024年4月13日,53915396.35
2024年4月12日,77808871.57
2024年4月11日,77310691.71
2024年4月10日,89395218.31
2024年4月9日,68364307.48
2024年4月8日,203850083
2024年4月7日,29526281.56
2024年4月6日,129320967.5
2024年4月5日,42160720.87
2024年4月4日,59943861.23
2024年4月3日,115425181.1
2024年4月2日,119225963.9
2024年4月1日,133511546.1
2024年3月31日,22911452.65
2024年3月30日,30881252.05
2024年3月29日,61767754.24
2024年3月28日,242513234.6
2024年3月27日,172332869.1
2024年3月26日,534224979.3
2024年3月25日,268718492.8
2024年3月24日,31975839.21
2024年3月23日,67531231.07
2024年3月22日,148502925.1
2024年3月21日,184681513
2024年3月20日,191946131.8
2024年3月19日,354948070.6
2024年3月18日,103110847.8
2024年3月17日,47755684.23
2024年3月16日,71375775.4
2024年3月15日,150974592.6
2024年3月14日,155603102.1
2024年3月13日,118646151.7
2024年3月12日,194643747.5
2024年3月11日,131445905.9
2024年3月10日,90908839.32
2024年3月9日,53137935.34
2024年3月8日,190406416.2
2024年3月7日,226784283.2
2024年3月6日,224020746.3
2024年3月5日,330255960.3
2024年3月4日,279096169
2024年3月3日,81673127.15
2024年3月2日,62407105.98
2024年3月1日,103737800.3
2024年2月29日,210307374.5
2024年2月28日,285651385
2024年2月27日,303213886.4
2024年2月26日,237321154
2024年2月25日,63650892.34
2024年2月24日,62926706.07
2024年2月23日,88211864.18
2024年2月22日,136008903.3
2024年2月21日,168107989.3
2024年2月20日,170110142.2
2024年2月19日,213229278.3
2024年2月18日,110098625.2
2024年2月17日,99800320.93
2024年2月16日,162398091.1
2024年2月15日,192000560.6
2024年2月14日,118381728.9
2024年2月13日,306352824.3
2024年2月12日,219761859.9
2024年2月11日,68821581.1
2024年2月10日,67394708.39
2024年2月9日,167877309.6
2024年2月8日,233473595.1
2024年2月7日,209968045.2
2024年2月6日,201632763.7
2024年2月5日,154523544.1
2024年2月4日,58338571.31
2024年2月3日,40274213.43
2024年2月2日,127077044.4
2024年2月1日,144746970.9
2024年1月31日,188574204.3
2024年1月30日,146119636.2
2024年1月29日,107254667.8
2024年1月28日,66603908.73
2024年1月27日,44751883.84
2024年1月26日,152989643.9
2024年1月25日,86629985.79
2024年1月24日,101448515
2024年1月23日,306832503.2
2024年1月22日,159926840.7
2024年1月21日,29718309.24
2024年1月20日,37630393.8
2024年1月19日,121061608.9
2024年1月18日,105133314.9
2024年1月17日,119725636.2
2024年1月16日,117839972.2
2024年1月15日,134208094.1
2024年1月14日,78257269.46
2024年1月13日,92145974.91
2024年1月12日,219056501.8
2024年1月11日,357941532.7
2024年1月10日,207891940.1
2024年1月9日,136116879.8
2024年1月8日,161239748.7
2024年1月7日,65116807.55
2024年1月6日,51152597.82
2024年1月5日,221479254
2024年1月4日,117366126.7
2024年1月3日,129000787.8
2024年1月2日,117152664.4
2024年1月1日,336341808
2023年12月31日,37643552.29
2023年12月30日,32683490.35
2023年12月29日,92888297.74
2023年12月28日,77208167.71
2023年12月27日,34762361.37
2023年12月26日,42391885.53
2023年12月25日,36171910.44
2023年12月24日,38333964.17
2023年12月23日,28991537.11
2023年12月22日,59737408.78
2023年12月21日,62691722.34
2023年12月20日,60661596.89
2023年12月19日,106356857.4
2023年12月18日,65032388.37
2023年12月17日,31107098.78
2023年12月16日,32365606.35
2023年12月15日,45904571.81
2023年12月14日,101567595.8
2023年12月13日,91426476.99
2023年12月12日,91957808.57
2023年12月11日,92608588.04
2023年12月10日,38529863.79
2023年12月9日,49170004.43
2023年12月8日,86740718.95
2023年12月7日,78882226.99
2023年12月6日,59765185.56
2023年12月5日,98019092.62
2023年12月4日,89870925.38
2023年12月3日,25154368.9
2023年12月2日,23645444.79
2023年12月1日,41419837.17
2023年11月30日,28303983.33
2023年11月29日,34465414.18
2023年11月28日,31221107.16
2023年11月27日,28755777.16
2023年11月26日,14862244.07
2023年11月25日,12916518.6
2023年11月24日,88887728.55
2023年11月23日,61192941.07
2023年11月22日,53807944.81
2023年11月21日,107570014.7
2023年11月20日,103871173.3
2023年11月19日,114220800.2
2023年11月18日,18024675.96
2023年11月17日,59959323.41
2023年11月16日,61672813.19
2023年11月15日,96877317.94
2023年11月14日,115052332.3
2023年11月13日,74323103.94
2023年11月12日,61870958.2
2023年11月11日,40846353.99
2023年11月10日,65085393.82
2023年11月9日,123055767.1
2023年11月8日,59327987.13
2023年11月7日,90045147.35
2023年11月6日,53052617.5
2023年11月5日,68433646.82
2023年11月4日,22875108.38
2023年11月3日,46180904.75
2023年11月2日,81421262.65
2023年11月1日,102843436.9
2023年10月31日,132547850.6
2023年10月30日,60284358.41
2023年10月29日,61511605.41
2023年10月28日,11026411.99
2023年10月27日,68833750.91
2023年10月26日,107011923
2023年10月25日,128417477
2023年10月24日,203570046.1
2023年10月23日,219202225.8
2023年10月22日,57516659.86
2023年10月21日,32841433.57
2023年10月20日,83399150.45
2023年10月19日,59902197.14
2023年10月18日,90202955.41
2023年10月17日,52517444.75
2023年10月16日,55001139.57
2023年10月15日,44448392.05
2023年10月14日,11775000.5
2023年10月13日,43347414.7
2023年10月12日,80431469.05
2023年10月11日,27936267.59
2023年10月10日,58404634.92
2023年10月9日,55892165.72
2023年10月8日,64745207.27
2023年10月7日,13648021.43
2023年10月6日,70904654.73
2023年10月5日,56441418.44
2023年10月4日,81905114.01
2023年10月3日,69430170.89
2023年10月2日,50936443.78
2023年10月1日,17968436.72
2023年9月30日,8898637.848
2023年9月29日,44942416.83
2023年9月28日,89795280.68
2023年9月27日,31787512.65
2023年9月26日,47955237.98
2023年9月25日,17429648.35
2023年9月24日,12255901.18
2023年9月23日,6937177.898
2023年9月22日,55328362.85
2023年9月21日,40464632.11
2023年9月20日,75485729.39
2023年9月19日,38264525.24
2023年9月18日,55621138.73
2023年9月17日,10696539.92
2023年9月16日,10327402.94
2023年9月15日,102655591.1
2023年9月14日,68470390.35
2023年9月13日,73763569.82
2023年9月12日,60599421.73
2023年9月11日,95726204.65
2023年9月10日,28890357.91
2023年9月9日,12980806.14
2023年9月8日,41905328.38
2023年9月7日,60302595.06
2023年9月6日,57252006.2
2023年9月5日,55442503.22
2023年9月4日,14127645.86
2023年9月3日,10125687.51
2023年9月2日,7533395.606
2023年9月1日,62177387.84
2023年8月31日,72047558.71
2023年8月30日,71294920.3
2023年8月29日,110063766.6
2023年8月28日,24717867.56
2023年8月27日,12626114.99
2023年8月26日,7638939.133
2023年8月25日,39302448
2023年8月24日,31133935.61
2023年8月23日,39328378.97
2023年8月22日,35700781.76
2023年8月21日,26289858.41
2023年8月20日,9156104.02
2023年8月19日,23062259.92
2023年8月18日,73358163.44
2023年8月17日,99305450.14
2023年8月16日,75134710.88
2023年8月15日,46897846.75
2023年8月14日,85443164.16
2023年8月13日,20198726.54
2023年8月12日,8888066.715
2023年8月11日,37314003.46
2023年8月10日,139966608.9
2023年8月9日,60177444.58
2023年8月8日,69233865.47
2023年8月7日,57124921.33
2023年8月6日,91791261.86
2023年8月5日,12568741.72
2023年8月4日,67294821.33
2023年8月3日,127328836
2023年8月2日,76881636.25
2023年8月1日,154208189.9
2023年7月31日,65033733.86
2023年7月30日,38800819.37
2023年7月29日,8858730.197
2023年7月28日,142028300.5
2023年7月27日,138459479
2023年7月26日,99548229.42
2023年7月25日,89061728.4
2023年7月24日,56857641.71
2023年7月23日,59427375.71
2023年7月22日,13818436.9
2023年7月21日,28389940.79
2023年7月20日,94059837.44
2023年7月19日,57828030.14
2023年7月18日,48752317.83
2023年7月17日,63931227.99
2023年7月16日,50466838.99
2023年7月15日,41956914.51
2023年7月14日,134522756.9
2023年7月13日,194175077
2023年7月12日,134708086
2023年7月11日,71683582.73
2023年7月10日,92232999.51
2023年7月9日,31233147.26
2023年7月8日,27742593.77
2023年7月7日,62389385.15
2023年7月6日,136983596.2
2023年7月5日,69413488.46
2023年7月4日,70268107.34
2023年7月3日,87760018.95
2023年7月2日,85125306.44
2023年7月1日,35656609.74
2023年6月30日,214548773.6
2023年6月29日,58594423.32
2023年6月28日,177005720.2
2023年6月27日,103883357.6
2023年6月26日,137458699
2023年6月25日,22586796.99
2023年6月24日,55520272.32
2023年6月23日,131220453.8
2023年6月22日,124017906.4
2023年6月21日,183613999
2023年6月20日,145577890.6
2023年6月19日,80290354.3
2023年6月18日,79619208
2023年6月17日,60625106.15
2023年6月16日,105456664.7
2023年6月15日,123312412.5
2023年6月14日,137437846
2023年6月13日,163291684.5
2023年6月12日,62412824.13
2023年6月11日,46074374.17
2023年6月10日,167742794.3
2023年6月9日,53461236.83
2023年6月8日,69904487.11
2023年6月7日,112800481.8
2023年6月6日,130728193.9
2023年6月5日,80502114.83
2023年6月4日,12171022.1
2023年6月3日,8690315.523
2023年6月2日,67693727.12
2023年6月1日,198298117.5
2023年5月31日,58768267.34
2023年5月30日,40623927.42
2023年5月29日,29805251.83
2023年5月28日,34223499.61
2023年5月27日,9730400.384
2023年5月26日,55527501.41
2023年5月25日,74735104.98
2023年5月24日,100793974.7
2023年5月23日,60642473.19
2023年5月22日,51220788.84
2023年5月21日,14634272.53
2023年5月20日,6857073.597
2023年5月19日,37948492.28
2023年5月18日,80538358.27
2023年5月17日,89051209.92
2023年5月16日,136458088.8
2023年5月15日,97862975.17
2023年5月14日,62217616.38
2023年5月13日,36451595.71
2023年5月12日,135312283.9
2023年5月11日,126609436.1
2023年5月10日,228763768.3
2023年5月9日,91820381.76
2023年5月8日,100885796.3
2023年5月7日,30335795.85
2023年5月6日,50979226.55
2023年5月5日,93239877.42
2023年5月4日,54125591.46
2023年5月3日,171429824.6
2023年5月2日,120525962.5
2023年5月1日,110874335.8
2023年4月30日,38404007.18
2023年4月29日,18331870.19
2023年4月28日,89357297.65
2023年4月27日,98754292.33
2023年4月26日,178514177.7
2023年4月25日,122586201.9
2023年4月24日,93622968.37
2023年4月23日,36924425.22
2023年4月22日,36513319.89
2023年4月21日,124393082
2023年4月20日,111955040
2023年4月19日,139041797.1
2023年4月18日,86408541.25
2023年4月17日,128376357.1
2023年4月16日,46322957.24
2023年4月15日,47535256.86
2023年4月14日,227343759.1
2023年4月13日,104733533.7
2023年4月12日,169033718.2
2023年4月11日,101560095.7
2023年4月10日,175271177.7
2023年4月9日,40864124.99
2023年4月8日,26213105.12
2023年4月7日,43589101.86
2023年4月6日,112314935.8
2023年4月5日,140895287.1
2023年4月4日,154332550.8
2023年4月3日,211317906.9
2023年4月2日,75705234.39
2023年4月1日,53947489.14
2023年3月31日,108204117.8
2023年3月30日,149563349.1
2023年3月29日,153260898
2023年3月28日,173608300.7
2023年3月27日,151414295.7
2023年3月26日,85058187.15
2023年3月25日,57392261.64
2023年3月24日,178171951.9
2023年3月23日,125424075.6
2023年3月22日,178883208.3
2023年3月21日,127141425.5
2023年3月20日,143683299.1
2023年3月19日,95636840.55
2023年3月18日,86234772.44
2023年3月17日,238200394.3
2023年3月16日,144678072.2
2023年3月15日,284009765.8
2023年3月14日,310589626.4
2023年3月13日,225468254.4
2023年3月12日,101173551.2
2023年3月11日,82504102.56
2023年3月10日,212216829.4
2023年3月9日,112016008.3
2023年3月8日,84259361.89
2023年3月7日,108249612.4
2023年3月6日,65847697.07
2023年3月5日,40584018.9
2023年3月4日,35979095.09
2023年3月3日,87744081.67
2023年3月2日,83030712.1
2023年3月1日,141985285.6
2023年2月28日,108519456.4
2023年2月27日,111415300.7
2023年2月26日,50794492.89
2023年2月25日,56698308.23
2023年2月24日,132346740.2
2023年2月23日,122168349.2
2023年2月22日,158915370.5
2023年2月21日,135347559.4
2023年2月20日,84632351.69
2023年2月19日,47783958.38
2023年2月18日,61889640.45
2023年2月17日,180252585.2
2023年2月16日,265910394.9
2023年2月15日,123941329
2023年2月14日,228339658.5
2023年2月13日,172346531
2023年2月12日,78710190.4
2023年2月11日,140753482.8
2023年2月10日,136333657.7
2023年2月9日,221780895.4
2023年2月8日,178532355.4
2023年2月7日,190652196
2023年2月6日,115206751.8
2023年2月5日,57816802.4
2023年2月4日,76715957.99
2023年2月3日,177284114
2023年2月2日,258427510.9
2023年2月1日,137166455.6
2023年1月31日,118654638.4
2023年1月30日,116922761.4
2023年1月29日,77271308.32
2023年1月28日,87339088.79
2023年1月27日,276245852.8
2023年1月26日,216069694.9
2023年1月25日,278997223.7
2023年1月24日,133268350.2
2023年1月23日,118131662.1
2023年1月22日,108501954.5
2023年1月21日,109731018.3
2023年1月20日,146836868.9
2023年1月19日,119254944.9
2023年1月18日,330285358.1
2023年1月17日,136825224.8
2023年1月16日,104830653.2
2023年1月15日,57449302.49
2023年1月14日,76105649.75
2023年1月13日,109431319.2
2023年1月12日,163508848.8
2023年1月11日,74583188.74
2023年1月10日,34585823.79
2023年1月9日,80475442.31
2023年1月8日,28646007.38
2023年1月7日,10694238.19
2023年1月6日,67984842.25
2023年1月5日,51253436.27
2023年1月4日,84374933.11
2023年1月3日,84916196.95
2023年1月2日,14977845.09
2023年1月1日,7789800.178
2022年12月31日,11395385.87
2022年12月30日,72570377.28
2022年12月29日,43811295.94
2022年12月28日,36535618.83
2022年12月27日,9883628.031
2022年12月26日,6909747.683
2022年12月25日,4269737.761
2022年12月24日,5806725.457
2022年12月23日,29345121.19
2022年12月22日,54012543.88
2022年12月21日,33407798.93
2022年12月20日,38209828.7
2022年12月19日,33149939.75
2022年12月18日,15183027.29
2022年12月17日,14727775.96
2022年12月16日,87033358.24
2022年12月15日,83543357.37
2022年12月14日,82476491.92
2022年12月13日,84366351.25
2022年12月12日,56274758.53
2022年12月11日,11020361.16
2022年12月10日,9282898.745
2022年12月9日,38952739.72
2022年12月8日,37408992.74
2022年12月7日,37473654.25
2022年12月6日,47601911.29
2022年12月5日,47327970.56
2022年12月4日,10912687.29
2022年12月3日,9658507.703
2022年12月2日,51943783.9
2022年12月1日,77656790.97
2022年11月30日,63368248.22
2022年11月29日,77389898.15
2022年11月28日,59592210.41
2022年11月27日,19467365
2022年11月26日,21474133.92
2022年11月25日,35907848.03
2022年11月24日,52617197.37
2022年11月23日,79974950.92
2022年11月22日,72908614.44
2022年11月21日,70087438.92
2022年11月20日,35895106.33
2022年11月19日,19220086.53
2022年11月18日,42859149.85
2022年11月17日,69241603.36
2022年11月16日,100061734.4
2022年11月15日,128982171.4
2022年11月14日,93722448.69
2022年11月13日,29424630.47
2022年11月12日,30602136.13
2022年11月11日,65142082.08
2022年11月10日,82863038.03
2022年11月9日,91522079.9
2022年11月8日,120229932.6
2022年11月7日,78023814.81
2022年11月6日,46496884.95
2022年11月5日,46096078.43
2022年11月4日,81507989.3
2022年11月3日,55128017.35
2022年11月2日,108764510.6
2022年11月1日,65061776.84
2022年10月31日,74135184.37
2022年10月30日,19973430.8
2022年10月29日,48309853.49
2022年10月28日,91112576.08
2022年10月27日,89030387.17
2022年10月26日,58918369.99
2022年10月25日,104629259.9
2022年10月24日,56253575.29
2022年10月23日,18151955.16
2022年10月22日,24010203.44
2022年10月21日,85050023
2022年10月20日,48093119.77
2022年10月19日,28722233.51
2022年10月18日,79559460.23
2022年10月17日,43404653.93
2022年10月16日,15940625.7
2022年10月15日,16261418.3
2022年10月14日,46449151.08
2022年10月13日,338542170.3
2022年10月12日,54819934.94
2022年10月11日,58147498.5
2022年10月10日,37564946.19
2022年10月9日,10203732.68
2022年10月8日,12185029.51
2022年10月7日,105308431.1
2022年10月6日,49994914.73
2022年10月5日,61243592.55
2022年10月4日,79746371.2
2022年10月3日,42771938.86
2022年10月2日,15959456.33
2022年10月1日,10408730.08
2022年9月30日,58184947.17
2022年9月29日,93833415.1
2022年9月28日,226150466.9
2022年9月27日,122991894.7
2022年9月26日,98335858.68
2022年9月25日,14915998.52
2022年9月24日,14659190.89
2022年9月23日,97017628.78
2022年9月22日,75312547.23
2022年9月21日,80716641.04
2022年9月20日,104907549.5
2022年9月19日,30869265.26
2022年9月18日,21597656.27
2022年9月17日,11827938.03
2022年9月16日,20191689.85
2022年9月15日,53157918.28
2022年9月14日,50843823.45
2022年9月13日,91284135.41
2022年9月12日,40828362.95
2022年9月11日,16338713.47
2022年9月10日,20805678.54
2022年9月9日,60962208.82
2022年9月8日,52906954.02
2022年9月7日,76664988.18
2022年9月6日,69213997.08
2022年9月5日,18676514.04
2022年9月4日,12123026.82
2022年9月3日,10621603.25
2022年9月2日,35906576.08
2022年9月1日,21899128.74
2022年8月31日,17169463.35
2022年8月30日,27922782.04
2022年8月29日,33447825.42
2022年8月28日,20453871.76
2022年8月27日,18441335.13
2022年8月26日,45349162.53
2022年8月25日,21582543.43
2022年8月24日,37361737.88
2022年8月23日,31124318.46
2022年8月22日,33997866.7
2022年8月21日,25356475.41
2022年8月20日,25154486.86
2022年8月19日,88100535.45
2022年8月18日,14204412.2
2022年8月17日,33851559.44
2022年8月16日,32110810.68
2022年8月15日,33755891.24
2022年8月14日,44794646.15
2022年8月13日,26664061.73
2022年8月12日,25687108.54
2022年8月11日,44552976.37
2022年8月10日,48654484.96
2022年8月9日,21291277.21
2022年8月8日,22152181.83
2022年8月7日,12312763.41
2022年8月6日,7513440.996
2022年8月5日,36913822.98
2022年8月4日,31804464.62
2022年8月3日,30443951.34
2022年8月2日,71867446.75
2022年8月1日,19484783.28
2022年7月31日,11792267.36
2022年7月30日,17991206.89
2022年7月29日,62981624.87
2022年7月28日,102542525.5
2022年7月27日,34778766.13
2022年7月26日,24123185.85
2022年7月25日,28766881.85
2022年7月24日,14933211.09
2022年7月23日,17652523.39
2022年7月22日,19925459.09
2022年7月21日,23400597.45
2022年7月20日,47580628.56
2022年7月19日,56472070.48
2022年7月18日,39250961.11
2022年7月17日,27860678.56
2022年7月16日,19368478.75
2022年7月15日,17941381.17
2022年7月14日,31523644.28
2022年7月13日,53517530.57
2022年7月12日,13723320.35
2022年7月11日,15368301.8
2022年7月10日,6317044.751
2022年7月9日,8339564.443
2022年7月8日,13720199.62
2022年7月7日,13815278.68
2022年7月6日,31338507.28
2022年7月5日,35367485.34
2022年7月4日,13448549.43
2022年7月3日,6869770.251
2022年7月2日,6747548.959
2022年7月1日,14600430.09
2022年6月30日,20774428.86
2022年6月29日,13388473.41
2022年6月28日,22196752.92
2022年6月27日,14172587.12
2022年6月26日,12740444.42
2022年6月25日,10607874.72
2022年6月24日,13046579.55
2022年6月23日,20102479.9
2022年6月22日,15966781.69
2022年6月21日,19844702.67
2022年6月20日,11229259.08
2022年6月19日,20234275.56
2022年6月18日,28473795.36
2022年6月17日,38340428.19
2022年6月16日,26380351.78
2022年6月15日,79180714.06
2022年6月14日,59507625.48
2022年6月13日,73214957
2022年6月12日,33255858.61
2022年6月11日,12512197.74
2022年6月10日,48873474.65
2022年6月9日,23372396.44
2022年6月8日,50735975.28
2022年6月7日,76329904.22
2022年6月6日,62221336.7
2022年6月5日,15983040.75
2022年6月4日,12682469.41
2022年6月3日,37142594.99
2022年6月2日,27931524.45
2022年6月1日,51035068.53
2022年5月31日,33878244.12
2022年5月30日,27202821.42
2022年5月29日,12568768.03
2022年5月28日,8980510.544
2022年5月27日,37208106.96
2022年5月26日,73091128.09
2022年5月25日,45445225.92
2022年5月24日,73095181.25
2022年5月23日,29211317.92
2022年5月22日,31161963.42
2022年5月21日,7575674.751
2022年5月20日,51547980.46
2022年5月19日,23332219.88
2022年5月18日,60402335.38
2022年5月17日,46238139.4
2022年5月16日,60334778.12
2022年5月15日,56674463.77
2022年5月14日,17325558.13
2022年5月13日,12145798.68
2022年5月12日,124088462.9
2022年5月11日,177081800.2
2022年5月10日,149314698.8
2022年5月9日,140652612.9
2022年5月8日,58730712.3
2022年5月7日,43525724.33
2022年5月6日,48844721.43
2022年5月5日,96695766.73
2022年5月4日,149680617.3
2022年5月3日,86860239.23
2022年5月2日,117759264.7
2022年5月1日,115043512.2
2022年4月30日,139397730
2022年4月29日,68405869.95
2022年4月28日,58495381.22
2022年4月27日,40797308.6
2022年4月26日,49746762.04
2022年4月25日,79535918.25
2022年4月24日,28767923.84
2022年4月23日,24226132.18
2022年4月22日,52274238.91
2022年4月21日,57125771.15
2022年4月20日,46484030.36
2022年4月19日,62011046.14
2022年4月18日,30112485.45
2022年4月17日,22873692.41
2022年4月16日,42582303.81
2022年4月15日,26032118.06
2022年4月14日,58306310.09
2022年4月13日,66843863.83
2022年4月12日,98644176.39
2022年4月11日,136756949.2
2022年4月10日,32410947.26
2022年4月9日,42987154.36
2022年4月8日,71027435.56
2022年4月7日,64755239.58
2022年4月6日,77463989.77
2022年4月5日,135524052
2022年4月4日,124697289.3
2022年4月3日,74207167.71
2022年4月2日,72398187.61
2022年4月1日,117863684.8
2022年3月31日,131913946.6
2022年3月30日,60125276.39
2022年3月29日,82068826.82
2022年3月28日,173990650.6
2022年3月27日,128241563.6
2022年3月26日,55931079.91
2022年3月25日,190478044.7
2022年3月24日,117522878.6
2022年3月23日,117468577.3
2022年3月22日,228540414
2022年3月21日,79694170.9
2022年3月20日,144680524.3
2022年3月19日,81623356.43
2022年3月18日,106780641.3
2022年3月17日,146544045.4
2022年3月16日,143604384.2
2022年3月15日,74532401.13
2022年3月14日,50309450.86
2022年3月13日,30644915.52
2022年3月12日,18302636.68
2022年3月11日,22475067.32
2022年3月10日,180934079.7
2022年3月9日,94820506.01
2022年3月8日,27679200.19
2022年3月7日,77620069.61
2022年3月6日,112445666.6
2022年3月5日,158291608.1
2022年3月4日,312190928.2
2022年3月3日,90993910.31
2022年3月2日,23200793.34
2022年3月1日,26420847.81
2022年2月28日,92788042.55
2022年2月27日,30948477.54
2022年2月26日,25788362.89
2022年2月25日,197186898.5
2022年2月24日,102686147.1
2022年2月23日,37518942.63
2022年2月22日,41787967.73
2022年2月21日,45527827.06
2022年2月20日,19258865.52
2022年2月19日,16837759.89
2022年2月18日,40237909.11
2022年2月17日,49966333.61
2022年2月16日,59373419.68
2022年2月15日,61943471.95
2022年2月14日,52383373.75
2022年2月13日,40701030.25
2022年2月12日,31315956.47
2022年2月11日,48462087.47
2022年2月10日,112099402.4
2022年2月9日,63520808.38
2022年2月8日,58869299.11
2022年2月7日,78559047.5
2022年2月6日,71782474.57
2022年2月5日,82928891.51
2022年2月4日,106305541.8
2022年2月3日,148162815.5
2022年2月2日,95052507.84
2022年2月1日,126202492.4
2022年1月31日,132781630.4
2022年1月30日,37846990.62
2022年1月29日,75430202.67
2022年1月28日,57850314.15
2022年1月27日,41834391.67
2022年1月26日,100257538.7
2022年1月25日,47648690.68
2022年1月24日,146808598.1
2022年1月23日,68050978.21
2022年1月22日,88680371.69
2022年1月21日,64958569.48
2022年1月20日,113295005.1
2022年1月19日,145921692
2022年1月18日,105932466.9
2022年1月17日,106842071.3
2022年1月16日,44359893.07
2022年1月15日,58088415.78
2022年1月14日,126098872.6
2022年1月13日,87592570.81
2022年1月12日,83705313.84
2022年1月11日,80022016.74
2022年1月10日,55380333.65
2022年1月9日,28785812.63
2022年1月8日,40505191.83
2022年1月7日,58600336.8
2022年1月6日,31171915.31
2022年1月5日,22513958.9
2022年1月4日,25825970.17
2022年1月3日,48896335.76
2022年1月2日,31878930.4
2022年1月1日,11948871.72
2021年12月31日,47181344.68
2021年12月30日,23173667.06
2021年12月29日,34839603.09
2021年12月28日,35548429.94
2021年12月27日,38322079.68
2021年12月26日,39664057.09
2021年12月25日,23751969.16
2021年12月24日,56342810.55
2021年12月23日,66748435.83
2021年12月22日,81381949.33
2021年12月21日,59095048.13
2021年12月20日,17909987.1
2021年12月19日,21966369.91
2021年12月18日,22929102.38
2021年12月17日,34033617.87
2021年12月16日,20957043.56
2021年12月15日,21466757.77
2021年12月14日,19211312.86
2021年12月13日,24900183.61
2021年12月12日,19709133.94
2021年12月11日,18987914.42
2021年12月10日,36222291.59
2021年12月9日,33589311.71
2021年12月8日,15674487.37
2021年12月7日,32593666.2
2021年12月6日,30927632.18
2021年12月5日,32767314.44
2021年12月4日,35079771.95
2021年12月3日,35382645.6
2021年12月2日,16130637.55
2021年12月1日,17024948.08
2021年11月30日,14153536.71
2021年11月29日,10011759.45
2021年11月28日,7524340.915
2021年11月27日,6355563.446
2021年11月26日,13929613.76
2021年11月25日,9500211.693
2021年11月24日,9639491.814
2021年11月23日,8236735.958
2021年11月22日,8834359.768
2021年11月21日,8699248.888
2021年11月20日,12392303.97
2021年11月19日,13753831.99
2021年11月18日,19165559.47
2021年11月17日,11681113.78
2021年11月16日,24712510.64
2021年11月15日,29398564.39
2021年11月14日,6474429.867
2021年11月13日,6395547.024
2021年11月12日,12712150.74
2021年11月11日,16030153.01
2021年11月10日,21028296.27
2021年11月9日,15950334.06
2021年11月8日,12646090.61
2021年11月7日,7630352.664
2021年11月6日,13348121.55
2021年11月5日,7844730.804
2021年11月4日,16432776.94
2021年11月3日,13204152.87
2021年11月2日,20480027.47
2021年11月1日,12958470.88
2021年10月31日,7545990.274
2021年10月30日,8651972.118
2021年10月29日,11988873.99
2021年10月28日,17010530.92
2021年10月27日,20551053.88
2021年10月26日,14592374.91
2021年10月25日,10966935.48
2021年10月24日,23048023.3
2021年10月23日,8257140.592
2021年10月22日,23927827.51
2021年10月21日,26944430.39
2021年10月20日,21060952.8
2021年10月19日,12716418.73
2021年10月18日,27545360.61
2021年10月17日,11486954.83
2021年10月16日,9051196.706
2021年10月15日,28593550.29
2021年10月14日,3413520.735
