pool,Fee Tier,Start Date,Expiry Date,Duration(Day),Yield Source,Base Asset,Underlying Issuer,chain,AverageIY,Average Daily LP TVL,Total Swap Fee,Total Swap Fee (im+ex),Average Daily Swap Fee,Average Daily Swap Fee (im + ex),Average TV,EfficientRatio,EfficientRatioB
Ethena sUSDE 27MAR2025,0.001,2024-09-17,2025-03-27,191,6-Stablecoins,Stable,Ethena,1,0.171895569,131886456.9,919304.7815,1369732.111,6613.703464,9854.18785,19470568.07,0.027271781,0.147631292
ether.fi weETH 27JUN2024,0.0003,2024-01-09,2024-06-27,170,2-Restaking,ETH,Ether.fi,1,0.273473729,113169762.6,339111.7124,1913242.003,2006.57818,11320.9586,33558780.62,0.036512844,0.296534868
pumpBTC 27MAR2025,0.0015,2024-10-16,2025-03-27,162,2-Restaking,BTC,pumpBTC,1,0.043912517,87265824.1,5924.662152,9562.676396,61.07899126,98.58429274,398831.3871,0.000412341,0.004570304
Ethena sUSDE 29MAY2025,0.002,2024-11-13,2025-05-29,197,6-Stablecoins,Stable,Ethena,1,0.187128513,85948743.38,430980.5618,608601.8039,5011.401881,7076.765162,5749346.182,0.03005302,0.066892731
Berachain STONE 10APR2025,0.0025,2025-01-14,2025-04-10,86,1-Staking,ETH,Stakestone,1,0.131317801,83341671.67,46257.6848,46257.82647,1927.403533,1927.409436,3566888.183,0.008441209,0.042798376
Corn Bedrock uniBTC 27FEB2025,0.001500004,2024-12-23,2025-02-27,66,2-Restaking,BTC,Bedrock,1,0.066824329,81289181.2,3290.43244,4292.280219,73.12072088,95.38400486,523890.4654,0.000428288,0.006444775
SolvBTC Babylon 27MAR2025,0.001,2024-09-30,2025-03-27,178,2-Restaking,BTC,SolvProtocol,56,0.056456788,75018425.5,47917.10264,71498.45734,368.5930973,549.9881334,1388994.111,0.002675952,0.018515373
Corn SolvBTC Babylon 26DEC2024,0.001,2024-09-16,2024-12-26,101,2-Restaking,BTC,SolvProtocol,1,0.084804454,67026065.38,30855.00422,64806.34937,311.6667092,654.6095896,4320972.484,0.00356477,0.064467047
Corn pumpBTC 26DEC2024,0.001,2024-09-25,2024-12-26,92,2-Restaking,BTC,PumpBTC,1,0.071660174,65959931.15,5908.231736,11175.74416,66.38462624,125.5701591,1588104.508,0.000694863,0.024076807
Corn Bedrock uniBTC 26DEC2024,0.001,2024-09-16,2024-12-26,101,2-Restaking,BTC,Bedrock,1,0.074211494,63690362.3,6118.209111,13992.56587,65.78719475,150.4576976,1031624.387,0.000862251,0.016197496
Wrapped stUSR 27MAR2025,0.004,2024-12-23,2025-03-27,94,7-RWA,Stable,Resolv,1,0.267264879,60766940.48,403319.3188,413015.7727,8767.811279,8978.603755,6850475.949,0.053930482,0.1127336
USD0++ 27MAR2025,0.002,2024-10-16,2025-03-27,162,7-RWA,Stable,Usual,1,0.207664775,56535649.38,556904.7894,851732.7481,4842.650343,7406.371723,7385989.583,0.047816302,0.130643048
Corn SolvBTC Babylon 27FEB2025,0.0012,2024-12-23,2025-02-27,66,2-Restaking,BTC,SolvProtocol,1,0.07725876,50920615.77,17947.69533,21311.39575,390.1672897,463.291212,1141198.102,0.003320881,0.022411318
Lombard LBTC 27MAR2025,0.001,2024-09-30,2025-03-27,178,2-Restaking,BTC,Lombard,1,0.058919697,47287957.82,67873.67154,106866.0738,534.4383586,841.465148,2349848.016,0.006494989,0.049692313
Ethena sUSDE 26SEP2024,0.003,2024-05-20,2024-09-26,129,6-Stablecoins,Stable,Ethena,1,0.209136288,45571557.59,661943.8448,835056.944,5131.347634,6473.309644,8807883.855,0.051847208,0.193275901
Ethena sUSDE 26DEC2024,0.001,2024-07-17,2024-12-26,162,6-Stablecoins,Stable,Ethena,1,0.168416221,44234552.03,227766.2485,388989.5049,1405.964497,2401.169783,14485337.13,0.019813176,0.327466572
ether.fi weETH 26DEC2024,0.001,2024-04-10,2024-12-26,260,2-Restaking,ETH,Ether.fi,1,0.085387803,42911692.56,155012.9912,266711.1596,610.2873669,1050.043935,527601.3848,0.008931506,0.01229505
Puffer ETH 26DEC2024,0.001,2024-09-03,2024-12-26,114,2-Restaking,ETH,Puffer Finance,1,0.05368571,39235968.85,24152.76664,41865.74713,221.5850151,384.0894233,2185759.966,0.003573064,0.055708067
Ethena sUSDE 27FEB2025,0.003999999,2024-12-10,2025-02-27,79,6-Stablecoins,Stable,Ethena,1,0.20807598,39128419.42,339519.7854,369475.8554,5754.572633,6262.302634,11079919.9,0.058416376,0.283168093
Resolv USD 24APR2025,0.004,2025-01-24,2025-04-24,90,6-Stablecoins,Stable,Resolv,8453,0.251902083,38187213.28,86210.53308,86210.53308,5747.368872,5747.368872,5118466.815,0.054934347,0.134036144
Kelp rsETH 27JUN2024,0.001,2024-01-22,2024-06-27,157,2-Restaking,ETH,Kelp,1,0.287205974,37965658.73,190975.4367,533131.7238,1232.099592,3439.559508,4684013.889,0.033067758,0.12337502
cmETH 13FEB2025,0.001,2024-10-29,2025-02-13,107,1-Staking,ETH,Mantle,5000,0.081159905,37577605.49,26758.09372,49426.11637,264.931621,489.3674888,1959805.263,0.00475334,0.052153543
ether.fi weETH 26SEP2024,0.003,2024-05-14,2024-09-26,135,2-Restaking,ETH,Ether.fi,1,0.079604528,31236221.19,92278.8178,121496.4362,688.647894,906.6898221,1287091.704,0.010594809,0.041205103
Renzo ezETH 26DEC2024,0.001,2024-04-21,2024-12-26,249,2-Restaking,ETH,Renzo,1,0.08730041,31179362.05,214609.7912,373231.3773,894.2074633,1555.130739,691802.2341,0.018205078,0.022187825
Corn Lombard LBTC 26DEC2024,0.001,2024-09-09,2024-12-26,108,2-Restaking,BTC,Lombard,1,0.09234264,30273843.25,34760.71525,93055.55303,324.8664977,869.6780657,2779651.61,0.010485372,0.091816939
Renzo ezETH 25APR2024,0.001,2024-01-28,2024-04-25,88,2-Restaking,ETH,Renzo,1,0.436566745,30038461.27,235582.2823,996282.4716,2739.328864,11584.6799,35554040.7,0.14076647,1.183617243
Ether.Fi Liquid Bera ETH 10APR2025,0.003000001,2025-01-07,2025-04-10,93,1-Staking,ETH,Ether.fi,1,0.134225252,28896716.1,70736.2017,71141.25413,2281.812958,2294.879166,3166119.471,0.028987062,0.109566757
Ether.Fi Liquid Bera BTC 10APR2025,0.0025,2025-01-07,2025-04-10,93,1-Staking,BTC,Ether.fi,1,0.158501869,27746111.61,87367.78201,88517.00332,2818.315549,2855.387204,4542662.652,0.037562609,0.163722496
Corn ether.fi eBTC 27MAR2025,0.001,2024-10-16,2025-03-27,162,2-Restaking,BTC,Ether.fi,1,0.073556365,27483601.23,68733.8087,109289.198,602.9281465,958.6771757,2569127.917,0.012731853,0.093478576
Bedrock uniBTC 27MAR2025,0.0015,2024-12-10,2025-03-27,107,2-Restaking,BTC,Bedrock,1,0.041962428,26501574.23,732.9802868,1059.137141,18.32450717,26.47842854,55235.20222,0.000364681,0.002084223
SolvBTC Babylon 27MAR2025,0.0015,2024-12-10,2025-03-27,107,2-Restaking,BTC,Solv Finance,1,0.071586936,26086547.19,12034.43543,27440.65087,267.4318985,609.7922416,818316.6668,0.008532144,0.031369298
stETH 25DEC2025,0.0005,2023-04-05,2025-12-25,995,1-Staking,ETH,Lido,1,0.03629861,25718653.84,60888.89148,337500.6509,115.3198702,639.2057782,118999.1028,0.00907163,0.004626957
Zircuit Staking ezETH 27JUN2024,0.001,2024-03-12,2024-06-27,107,2-Restaking,ETH,Renzo,1,0.331625974,25655900.35,226964.6201,1102091.139,2161.56781,10496.10608,13114601.46,0.149325444,0.511172919
Ethena USDe 25JUL2024,0.01,2024-04-02,2024-07-25,114,6-Stablecoins,Stable,Ethena,1,0.364314282,24853166.41,1897019.024,2471809.239,16640.51776,21682.53719,7460368.95,0.318435323,0.300177805
ether.fi eBTC 26DEC2024,0.002,2024-08-27,2024-12-26,121,2-Restaking,BTC,Ether.fi,1,0.062212237,24818626.35,87304.04245,120753.1678,727.5336871,1006.276399,2575885.441,0.014799001,0.103788397
Super Symbiotic LRT 26DEC2024,0.001,2024-08-13,2024-12-26,135,2-Restaking,ETH,Ether.fi,1,0.057642476,23647023.26,12751.17792,19203.12942,95.8735182,144.3844317,487576.653,0.002228624,0.020618944
Kelp Gain 26DEC2024,0.001,2024-08-19,2024-12-26,129,5-Derivative,Other,Gains,1,0.072082843,23586345.06,17165.45375,46251.94475,136.2337599,367.0789266,643781.6534,0.005680567,0.027294676
USD0++ 30JAN2025,0.002,2024-11-18,2025-01-30,73,7-RWA,Stable,Usual,1,0.213852909,23562380.68,274557.774,301930.8326,3922.253914,4313.297608,9822110.838,0.066816407,0.416855621
Puffer ETH 26SEP2024,0.003,2024-05-20,2024-09-26,129,2-Restaking,ETH,Puffer Finance,1,0.121533996,19195844.78,103595.392,145989.6604,822.1856507,1158.648098,2096802.372,0.022031151,0.109232097
SolvBTC Bera Vault 10APR2025,0.002,2025-01-24,2025-04-10,76,1-Staking,BTC,SolvProtocol,1,0.13638828,18335437.64,5469.082233,5565.98345,390.6487309,397.5702464,621921.0992,0.007914354,0.033919076
weETH 25APR2024,0.001,2024-02-06,2024-04-25,79,2-Restaking,ETH,Ether.fi,42161,0.437112565,18116813.41,227377.0674,471268.6631,2915.090607,6041.905938,29453373.29,0.121726466,1.625748007
Ethena sUSDE 24OCT2024,0.001,2024-07-17,2024-10-24,99,6-Stablecoins,Stable,Ethena,1,0.130781128,17845832.06,54925.64187,85494.68386,554.8044633,863.5826653,4827301.782,0.017662817,0.270500236
Staked ENA 24APR2025,0.005,2024-10-09,2025-04-24,197,6-Stablecoins,Other,Ethena,1,0.450865543,17672360.69,294027.3756,392707.2785,2429.978311,3245.514698,1275733.066,0.067031954,0.072188039
Lombard LBTC 29MAY2025,0.001,2024-11-26,2025-05-29,184,2-Restaking,BTC,Lombard,8453,0.070096981,17468587.49,33852.31447,59118.22717,463.7303352,809.8387284,1263956.349,0.016921296,0.072355956
Zircuit Ether.fi weETH 27JUN2024,0.003,2024-03-26,2024-06-27,93,2-Restaking,ETH,Ether.fi,1,0.365691995,17091843.36,277955.8519,636191.3189,3021.259259,6915.123032,7794216.459,0.147673943,0.456019652
USD0++ 26JUN2025,0.002,2024-11-19,2025-06-26,219,7-RWA,Stable,Usual,1,0.215770165,16934201.21,103977.2013,254095.5343,1316.167105,3216.399169,1353541.975,0.069326311,0.079929485
Puffer ETH 27JUN2024,0.001,2024-02-26,2024-06-27,122,2-Restaking,ETH,Puffer Finance,1,0.319359257,16571641.11,108085.377,636283.7045,893.2675784,5258.543012,7014326.82,0.115822458,0.423272914
Ethena USDe 27MAR2025,0.001,2024-09-17,2025-03-27,191,6-Stablecoins,Stable,Ethena,1,0.174515956,16425656.83,208829.9328,330711.5218,1491.642377,2362.225156,3861673.014,0.052491793,0.235100066
Corn Lombard LBTC 27FEB2025,0.001999997,2024-12-23,2025-02-27,66,2-Restaking,BTC,Lombard,1,0.09246159,16311885.67,19381.43975,22833.43687,421.3356466,496.3790625,1595899.57,0.011107138,0.097836608
Syrup USDC 30JAN2025,0.002,2024-10-15,2025-01-30,107,6-Stablecoins,Stable,Syrup,1,0.15818742,16204257.59,26683.34917,56428.03272,266.8334917,564.2803272,696345.187,0.012710383,0.042972977
weETH 26DEC2024,0.001,2024-08-30,2024-12-26,118,2-Restaking,ETH,Ether.fi,42161,0.047903308,15845186.19,4574.47218,5536.022292,39.435105,47.7243301,367358.6988,0.001099348,0.023184246
USD0++ 31OCT2024,0.001,2024-08-06,2024-10-31,86,7-RWA,Stable,Usual,1,0.186922165,15449816.8,29574.57077,66907.49482,347.9361267,787.1469979,3956413.761,0.01859625,0.256081597
Concrete LBTC Vault 10APR2025,0.003,2025-01-14,2025-04-10,86,1-Staking,BTC,Concrete,1,0.150756297,14312903.26,22603.09319,25079.43923,982.743182,1090.410401,1630809.532,0.027807063,0.113939814
rswETH 27JUN2024,0.01,2024-02-19,2024-06-27,129,2-Restaking,ETH,Swell,1,0.330036951,14022484.08,410903.7605,734650.2519,3210.185629,5739.455093,3280081.109,0.149395863,0.233915838
Ethena sUSDE 25JUL2024,0.01,2024-04-23,2024-07-25,93,6-Stablecoins,Stable,Ethena,1,0.345969331,13719379.75,818411.7909,918306.2001,8800.126784,9874.260217,8331372.557,0.262701743,0.607270351
Karak WEETH 26SEP2024,0.003,2024-05-28,2024-09-26,121,2-Restaking,ETH,Ether.fi,1,0.115126688,13372432.21,47220.23552,84944.82101,393.5019626,707.8735084,594041.8445,0.019321379,0.044422872
Zircuit Staking rsETH 27JUN2024,0.003,2024-03-26,2024-06-27,93,2-Restaking,ETH,Kelp,1,0.367093607,13006030.25,95885.80201,276507.5946,1053.690132,3038.544996,2356463.301,0.085273439,0.181182364
weETH 26SEP2024,0.003,2024-05-14,2024-09-26,135,2-Restaking,ETH,Ether.fi,42161,0.082584372,12384427.95,54691.34412,66370.07613,408.1443591,495.2990756,792259.2797,0.0145977,0.063972214
Ethena USDe 25JUL2024,0.01,2024-04-01,2024-07-25,115,6-Stablecoins,Stable,Ethena,5000,0.397841481,12080857.61,654359.4996,940366.7999,5739.99561,8248.831578,2245097.505,0.249222665,0.185839249
Puffer ETH 26JUN2025,0.0005,2024-11-13,2025-06-26,225,2-Restaking,ETH,Puffer Finance,1,0.046092745,12069925.94,4873.989745,8976.184831,78.61273782,144.7771747,344395.4985,0.004378127,0.028533356
Super Symbiotic LRT 26JUN2025,0.0015,2024-12-18,2025-06-26,190,2-Restaking,ETH,Ether.fi,1,0.050201685,11842266.95,3034.724261,5018.246761,68.97100593,114.0510628,148361.9184,0.003515259,0.012528169
Renzo ezETH 27JUN2024,0.01,2024-03-06,2024-06-27,113,2-Restaking,ETH,Renzo,42161,0.367173724,11043465.38,502520.0697,782965.216,4447.080263,6928.895717,8268966.54,0.229008454,0.74876556
Treehouse ETH 29MAY2025,0.0025,2025-02-06,2025-05-29,112,1-Staking,ETH,Treehouse,1,0.120644503,10655546.09,4800.589002,5388.958059,2400.294501,2694.47903,3155505.529,0.09229793,0.296137383
mPendle 26SEP2024,0.001,2023-09-18,2024-09-26,374,8-Other,Other,Penpie,42161,0.07759923,9162600.316,13309.96726,28177.76674,37.92013464,80.27853771,62120.37616,0.003197964,0.006779776
USD0++ 24APR2025,0.005,2024-12-10,2025-04-24,135,7-RWA,Stable,Usual,1,0.222321516,9144143.167,30508.88039,44942.37933,554.7069162,817.1341696,357167.9053,0.03261694,0.039059746
Super Symbiotic LRT 29AUG2024,0.003,2024-06-19,2024-08-29,71,2-Restaking,ETH,Ether.fi,1,0.142732351,9062378.441,91355.49318,128615.1887,1305.078474,1837.359839,5359476.914,0.074002244,0.591398489
rswETH 26DEC2024,0.001,2024-09-03,2024-12-26,114,2-Restaking,ETH,Swell,1,0.046975887,8962482.595,1658.753709,2653.212624,16.92605826,27.0735982,212379.8098,0.001102581,0.023696538
Kelp Gain 26JUN2025,0.001,2024-11-13,2025-06-26,225,2-Restaking,Stable,Kelp DAO,1,0.057230223,8738329.035,5174.713802,8690.710477,77.23453436,129.7120967,164901.544,0.005418074,0.018871061
rsETH 25APR2024,0.001,2024-02-13,2024-04-25,72,2-Restaking,ETH,Kelp,42161,0.40352169,8716600.233,52254.01813,156147.8934,735.9720863,2199.266105,7189923.393,0.092092342,0.824854095
Concrete USDe Vault 10APR2025,0.004999998,2025-01-09,2025-04-10,91,1-Staking,Stable,Ethena,1,0.255197903,8561074.226,26897.02918,26924.07833,927.4837648,928.4164942,800265.3253,0.039582885,0.093477209
USD0++ 27FEB2025,0.0035,2024-12-10,2025-02-27,79,7-RWA,Stable,Usual,1,0.258966761,8559582.219,50986.08128,55446.87072,894.4926541,972.7521179,1109433.879,0.041480357,0.129613087
Kelp rsETH 26SEP2024,0.003,2024-05-20,2024-09-26,129,2-Restaking,ETH,Kelp DAO,1,0.093652832,8509418.881,17654.45723,26268.92327,141.2356578,210.1513862,247116.2183,0.009014159,0.029040317
Mellow ENA 27MAR2025,0.005,2024-09-24,2025-03-27,184,6-Stablecoins,Other,Ethena,1,0.48885157,8474633.184,101166.1754,187378.3777,749.3790767,1387.987983,474216.0935,0.059780241,0.055957123
weETH 27JUN2024,0.01,2024-04-03,2024-06-27,85,2-Restaking,ETH,Ether.fi,42161,0.309855658,8316239.143,360609.1318,407368.7977,4292.965855,4849.628544,3932760.993,0.212850351,0.472901383
ether.fi weETH 26JUN2025,0.0005,2024-11-07,2025-06-26,231,2-Restaking,ETH,Ether.fi,1,0.037113752,8052014.865,3855.030677,6197.446673,55.87000982,89.81806772,238475.0245,0.004071477,0.029616814
swETH 26DEC2024,0.0005,2023-07-18,2024-12-26,527,2-Restaking,ETH,Swell,1,0.038335208,8009341.851,25162.29228,41397.70174,54.81980889,90.19107134,82339.43999,0.004110168,0.010280425
rswETH 26JUN2025,0.0005,2024-11-15,2025-06-26,223,2-Restaking,ETH,Swell,1,0.046368889,7808746.974,2001.354119,5813.628882,43.50769824,126.3832366,185704.3055,0.005907463,0.023781575
Syrup USDC 24APR2025,0.0035,2025-01-21,2025-04-24,93,3-Lending,Stable,Syrup,1,0.151660902,7717402.671,3023.559686,3858.329709,201.5706457,257.2219806,261197.3113,0.012165495,0.033845236
King Karak LRT 26SEP2024,0.001,2024-07-10,2024-09-26,78,2-Restaking,ETH,Ether.fi,1,0.097524505,7639386.524,16682.8144,41519.39792,213.882236,532.2999733,1518077.919,0.025432604,0.198717255
mPendle 27MAR2025,0.0015,2024-12-20,2025-03-27,97,8-Other,Other,mPendle,42161,0.047189886,7580184.4,622.4064201,877.9615948,12.96680042,18.29086656,39079.35092,0.000880739,0.005155462
USUALX 27MAR2025,0.02,2024-12-20,2025-03-27,97,6-Stablecoins,Other,Usual,1,1.414833232,7557514.454,410948.9924,420511.1122,8218.979848,8410.222245,1113853.358,0.406182633,0.147383556
GLP 28MAR2024,0.001,2023-02-23,2024-03-28,399,5-Derivative,Other,GMX,42161,0.159497587,7552549.247,40354.27537,87657.45219,101.9047358,221.3572025,246929.3221,0.010697763,0.032694831
Mellow sUSDe 27MAR2025,0.002,2024-09-24,2025-03-27,184,2-Restaking,Stable,Mellow Protocol,1,0.178044265,7511863.661,7212.348215,14736.84083,62.17541564,127.0417313,98534.82477,0.006172933,0.013117228
Zircuit Staking USDe 27JUN2024,0.01,2024-04-05,2024-06-27,83,6-Stablecoins,Stable,Ethena,1,0.458686316,7386920.063,344174.5251,444019.4826,4469.799027,5766.486786,3694725.029,0.284931698,0.500171248
Kelp rsETH 26JUN2025,0.0005,2024-11-06,2025-06-26,232,2-Restaking,ETH,Kelp,1,0.037202894,7197648.701,1920.481419,6464.035255,29.09820332,97.93992811,108318.8236,0.004966632,0.015049196
Renzo ezETH 26SEP2024,0.003,2024-05-14,2024-09-26,135,2-Restaking,ETH,Renzo,42161,0.088915784,6977605.236,34259.26226,48320.62929,253.7723131,357.9305873,427751.0449,0.018723424,0.061303417
Renzo ezETH 26SEP2024,0.003,2024-05-14,2024-09-26,135,2-Restaking,ETH,Renzo,1,0.091878837,6756284.838,18167.13813,28288.2399,152.6650263,237.7163017,237512.1259,0.012842332,0.03515425
King Karak LRT 26DEC2024,0.001,2024-09-03,2024-12-26,114,2-Restaking,ETH,Ether.fi,1,0.061113362,6492482.63,2873.334095,7421.268732,31.57509995,81.55240365,228239.2081,0.004584784,0.035154381
mPendle SY 26DEC2024,0.001,2024-10-16,2024-12-26,71,8-Other,Other,Penpie,42161,0.051638122,6444374.052,876.1117513,2959.568301,12.33960213,41.68406057,189290.7518,0.002360925,0.029373024
Concrete sUSDe Vault 10APR2025,0.004999998,2025-01-09,2025-04-10,91,6-Stablecoins,Stable,Ethena,1,0.248066347,6356702.533,22089.22904,22110.04476,761.697553,762.4153366,682802.5095,0.043777666,0.107414576
Concrete WBTC Vault 10APR2025,0.003,2025-01-14,2025-04-10,86,1-Staking,BTC,Concrete,1,0.149710111,6247227.966,11642.53791,11695.24497,506.1973005,508.4889117,823558.1929,0.029708929,0.13182778
Ethena USDe 24OCT2024,0.001,2024-07-17,2024-10-24,99,6-Stablecoins,Stable,Ethena,1,0.11911658,6199194.443,9044.645114,29902.37633,92.29229708,305.1262891,665388.3771,0.017965414,0.107334652
Ethena USDe 4APR2024,0.003,2024-02-27,2024-04-04,37,6-Stablecoins,Stable,Ethena,1,1.533667281,6133934.003,106366.6539,453315.3943,2874.774428,12251.76741,15032211.89,0.729041934,2.450664106
rswETH 26SEP2024,0.001,2024-06-24,2024-09-26,94,2-Restaking,ETH,Swell,1,0.089386352,6101171.489,5242.448039,11975.03299,57.60931911,131.5937691,421172.8869,0.007872541,0.069031478
Karak WEETH 26DEC2024,0.001,2024-09-03,2024-12-26,114,2-Restaking,ETH,Ether.fi,1,0.059093906,6061039.975,2198.71544,4135.937887,29.31620587,55.14583849,226276.1813,0.00332092,0.037332897
gUSDC 26DEC2024,0.001,2024-07-30,2024-12-26,149,5-Derivative,Stable,Gains Network,42161,0.095042557,6043918.639,4778.846635,9444.425162,32.28950429,63.81368353,176397.6272,0.00385379,0.02918597
stETH 26DEC2024,0.0005,2023-03-24,2024-12-26,643,1-Staking,ETH,Lido,1,0.040919144,5973268.817,20296.9878,39949.11338,43.64943613,85.91207178,44899.13598,0.005249706,0.007516678
Swell L2 Deposit RswETH 25JUL2024,0.003,2024-05-14,2024-07-25,72,2-Restaking,ETH,Swell,1,0.165535454,5951411.368,19233.87552,32942.21456,274.7696503,470.6030651,1269351.87,0.028862081,0.213285856
rETH 26JUN2025,0.001,2023-06-06,2025-06-26,751,1-Staking,ETH,Rocketpool,42161,0.03188226,5921635.811,30056.39272,35780.15406,49.11175281,58.46430402,35226.19772,0.003603645,0.005948727
Silo crvUSD 27JUN2024,0.0005,2024-01-09,2024-06-27,170,3-Lending,Stable,Silo,1,0.186421543,5818617.374,8121.741748,83990.72585,53.4325115,552.5705648,516409.2224,0.034662574,0.088751191
rsETH 26DEC2024,0.001,2024-08-30,2024-12-26,118,2-Restaking,ETH,Kelp,42161,0.050825086,5758971.269,2901.04046,4598.994997,25.22643879,39.99126084,241806.8799,0.002534621,0.04198786
aUSDC 27JUN2024,0.0005,2023-12-11,2024-06-27,199,3-Lending,Stable,AAVE,42161,0.092942604,5723375.395,23200.31017,50831.58285,117.7680719,258.0283393,674429.7872,0.016455385,0.117837769
Mellow pzETH 26SEP2024,0.003,2024-07-02,2024-09-26,86,2-Restaking,ETH,Mellow Protocol,1,0.125400325,5657387.339,36630.32658,48248.07454,425.93403,561.0241226,1145317.276,0.036195825,0.202446325
rsETH 26SEP2024,0.003,2024-05-20,2024-09-26,129,2-Restaking,ETH,Kelp,42161,0.088932643,5590970.289,23210.75638,33393.04901,182.7618612,262.9373938,360778.818,0.017165562,0.064528838
sfrxETH 26DEC2024,0.0005,2023-04-05,2024-12-26,631,1-Staking,ETH,Frax,1,0.048687293,5529152.171,13026.47224,24515.48552,39.11853524,73.62007663,40160.12513,0.004859936,0.007263342
USDa saving token 24APR2025,0.005,2025-01-24,2025-04-24,90,6-Stablecoins,Stable,Avalon,1,0.24461343,5478600.712,6337.515677,6521.517476,422.5010451,434.7678317,364567.7403,0.028965473,0.066543952
BTC-Zerolend eBTC 27MAR2025,0.001,2024-11-13,2025-03-27,134,3-Lending,BTC,Zerolend,1,0.066352728,5322980.915,4012.33934,7582.529906,50.78910557,95.98139121,212156.5213,0.006581502,0.039856713
swETH 27JUN2024,0.0005,2023-09-25,2024-06-27,276,2-Restaking,ETH,Swell,1,0.035448299,5290232.638,15804.79224,24890.96547,63.72900098,100.3667962,224632.9518,0.006924815,0.042461829
Kelp rsETH 26DEC2024,0.001,2024-08-20,2024-12-26,128,2-Restaking,ETH,Kelp DAO,1,0.050553804,5227274.597,1886.149755,5074.17371,17.963331,48.32546391,179619.4272,0.003374377,0.034361965
Zircuit Ether.fi weETH 22AUG2024,0.003,2024-06-24,2024-08-22,59,2-Restaking,ETH,Ether.fi,1,0.086155522,5212444.023,28754.31147,38543.8462,495.7639908,664.5490724,1892779.125,0.046534871,0.363126993
mETH 26DEC2024,0.001,2024-08-06,2024-12-26,142,1-Staking,ETH,Mantle,5000,0.069895723,5079431.211,8009.490785,16543.98332,56.80489919,117.333215,233439.9035,0.008431382,0.045957883
Stader Staking ETHx 26DEC2024,0.0005,2023-09-20,2024-12-26,463,1-Staking,ETH,Stader,1,0.034335335,4955151.665,3667.85086,4766.885493,14.73032474,19.14411845,27068.90712,0.001410169,0.005462781
ether.fi weETH 25JUL2024,0.001,2024-06-18,2024-07-25,37,2-Restaking,ETH,Ether.fi,1,0.079923249,4895948.137,4392.186807,7721.000082,118.7077515,208.6756779,2609109.557,0.015557073,0.532912009
ePendle 26SEP2024,0.0005,2023-10-31,2024-09-26,331,8-Other,Other,Equilibria,1,0.101537268,4782256.437,1738.244543,5106.420187,9.395916448,27.60227128,48116.19861,0.00210671,0.010061401
Silo crvUSD 28MAR2024,0.0005,2023-10-11,2024-03-28,169,3-Lending,Stable,Silo,1,0.104976346,4779538.989,20959.46825,60860.81733,143.5580017,416.8549132,660457.0269,0.031834042,0.138184253
Amphor LRT 26SEP2024,0.003,2024-07-22,2024-09-26,66,2-Restaking,ETH,Amphor,1,0.13209528,4736526.272,3633.077177,7400.048119,59.55864224,121.3122642,241188.3859,0.009348407,0.050920943
gDAI 28MAR2024,0.001,2023-03-07,2024-03-28,387,5-Derivative,Stable,Gains Network,42161,0.105515412,4716362.826,20980.72265,52857.27593,54.63729856,137.6491561,216371.8637,0.010652688,0.045876849
rsETH 27JUN2024,0.01,2024-04-03,2024-06-27,85,2-Restaking,ETH,Kelp,42161,0.325248615,4707793.961,150574.1985,176363.3173,1792.549982,2099.563301,1376566.911,0.162781254,0.29240169
Zircuit Staking rsETH 22AUG2024,0.003,2024-06-24,2024-08-22,59,2-Restaking,ETH,Kelp,1,0.108755733,4699389.063,17171.19685,29215.73358,296.055118,503.7195444,1065369.122,0.039123731,0.22670375
weETH 26JUN2025,0.0005,2024-11-07,2025-06-26,231,2-Restaking,ETH,Ether.fi,42161,0.038734644,4501970.234,2299.789628,3973.375415,24.99771334,43.18886321,105589.4543,0.003501564,0.023454054
Bedrock UniETH 27JUN2024,0.01,2024-02-23,2024-06-27,125,2-Restaking,ETH,Bedrock,1,0.325538902,4365382.786,29604.85235,134357.4734,250.8885793,1138.622656,380446.1786,0.095202939,0.087150703
Karak sUSDe 26SEP2024,0.003,2024-05-28,2024-09-26,121,6-Stablecoins,Stable,Ethena,1,0.231713362,4301808.939,29990.12981,62589.68547,260.7837375,544.2581345,481886.8804,0.046179229,0.112019592
Ethena sUSDE 25APR2024,0.003,2024-03-05,2024-04-25,51,6-Stablecoins,Stable,Ethena,1,0.847580364,4250322.583,45235.07741,236377.3281,886.9623022,4634.84957,3983963.841,0.398021576,0.937332111
Karak USDE 26SEP2024,0.003,2024-05-28,2024-09-26,121,6-Stablecoins,Stable,Ethena,1,0.231934637,4247200.691,26962.44253,64996.09476,224.6870211,541.634123,370413.1605,0.046547472,0.087213482
ENA 29AUG2024,0.01,2024-04-10,2024-08-29,141,6-Stablecoins,Other,Ethena,1,0.786449206,4126799.267,676892.9644,859175.0167,4977.15415,6317.463358,1994277.283,0.558756066,0.483250373
rsETH 26JUN2025,0.0005,2024-11-06,2025-06-26,232,2-Restaking,ETH,Kelp,42161,0.037474342,4041599.996,2215.632004,3312.525255,23.82400004,35.61855113,96414.9435,0.003216739,0.023855637
Ethena USDe 26DEC2024,0.001,2024-07-17,2024-12-26,162,6-Stablecoins,Stable,Ethena,1,0.153791168,4030895.188,10703.12027,46691.53744,69.50078097,303.1918015,600891.957,0.027454201,0.149071591
Amphor LRT 26DEC2024,0.002,2024-08-26,2024-12-26,122,2-Restaking,ETH,Amphor,1,0.074942216,3983449.082,2315.072166,4152.947395,26.61002489,47.73502753,90367.62691,0.004373919,0.022685774
Bedrock uniETH 26DEC2024,0.001,2024-07-19,2024-12-26,160,2-Restaking,ETH,Bedrock,42161,0.06053116,3980437.567,2988.575472,4869.041734,19.28113207,31.41317247,99179.37134,0.00288054,0.024916701
Staked USDz 27MAR2025,0.0038,2024-12-24,2025-03-27,93,6-Stablecoins,Stable,Anzen,8453,0.195296165,3899504.94,2390.700589,2889.456534,51.97175193,62.81427249,55227.7654,0.005879518,0.014162763
wstETH 28MAR2024,0.0003,2023-12-05,2024-03-28,114,1-Staking,ETH,Lido,42161,0.037198349,3828171.07,6693.907152,7197.568515,59.23811639,63.69529659,1209437.351,0.006073078,0.315930853
wstETH 27JUN2024,0.001,2023-06-22,2024-06-27,371,1-Staking,ETH,Lido,42161,0.03904438,3489927.928,12909.35812,16634.45518,35.95921483,46.33552975,62559.28112,0.00484608,0.017925666
gUSDC 26JUN2025,0.002,2024-11-19,2025-06-26,219,5-Derivative,Stable,Gains Network,42161,0.086839996,3219536.258,4709.151641,7121.23671,58.86439551,89.01545887,67178.80465,0.010091715,0.020865988
pumpBTC 29MAY2025,0.001,2025-01-07,2025-05-29,142,2-Restaking,BTC,PumpBTC,1,0.043103327,3172898.931,118.2187102,377.5197198,9.093746937,29.03997845,25343.70648,0.003340665,0.007987556
Mellow rstETH 26DEC2024,0.002,2024-08-26,2024-12-26,122,2-Restaking,ETH,Mellow Protocol,1,0.072447641,3093698.149,2784.606734,7237.543454,39.7800962,103.3934779,188783.4599,0.012198546,0.061021939
Mellow amphrETH 26DEC2024,0.002,2024-08-26,2024-12-26,122,2-Restaking,ETH,Mellow Protocol,1,0.073416376,2953772.668,2037.920241,4502.966432,26.46649664,58.48008353,88470.27352,0.00722643,0.029951619
stETH 30DEC2027,0.0005,2023-05-29,2027-12-30,1676,1-Staking,ETH,Lido,1,0.041707204,2873204.981,12233.5988,29029.18905,55.1063009,130.7621128,21176.28197,0.016611474,0.007370265
King Karak LRT 26JUN2025,0.0015,2024-12-18,2025-06-26,190,2-Restaking,ETH,Ether.fi,1,0.047795082,2854410.983,638.8568306,1104.344565,18.78990678,32.4807225,31233.66853,0.004153384,0.010942246
wstETH 26JUN2025,0.001,2023-06-06,2025-06-26,751,1-Staking,ETH,Lido,42161,0.038727334,2793138.626,19173.06919,23511.80441,33.00011909,40.46782171,22322.13757,0.005288228,0.007991776
Zircuit Staking ezETH 22AUG2024,0.003,2024-06-24,2024-08-22,59,2-Restaking,ETH,Renzo,1,0.091485549,2780540.362,19253.84697,42761.95501,331.9628788,737.2750864,1133036.744,0.096781694,0.407487969
Staking USDS 27MAR2025,0.001,2024-10-08,2025-03-27,170,6-Stablecoins,Stable,Sky,1,0.119276432,2772451.938,2618.672032,5751.276621,39.67684898,87.14055487,101634.5733,0.011472265,0.036658732
sDAI 26SEP2024,0.0005,2023-08-22,2024-09-26,401,6-Stablecoins,Stable,Maker,1,0.07286118,2755388.798,12932.53507,26150.16729,60.15132592,121.6286851,83117.51759,0.016111871,0.030165441
gDAI 26SEP2024,0.001,2024-03-18,2024-09-26,192,5-Derivative,Stable,Gains Network,42161,0.131253171,2610908.113,3193.816039,7458.174453,16.8095581,39.25354976,63110.84579,0.005487572,0.02417199
wbETH 26DEC2024,0.001,2023-06-28,2024-12-26,547,1-Staking,ETH,Binance,56,0.036501143,2552974.464,10662.97405,13479.04344,26.7913921,33.86694333,26691.38608,0.004841973,0.010455015
sDAI 28MAR2024,0.0005,2023-09-04,2024-03-28,206,6-Stablecoins,Stable,Maker,1,0.048291706,2537177.361,9178.367505,12169.96885,67.48799636,89.48506505,168868.771,0.01287338,0.066557732
stk GHO 24APR2025,0.002,2024-10-29,2025-04-24,177,3-Lending,Stable,AAVE,1,0.138217501,2441865.733,3915.812661,9301.422225,59.33049486,140.9306398,76900.38717,0.02106573,0.031492472
wstETH 28DEC2023,0.001,2023-07-18,2023-12-28,163,1-Staking,ETH,Lido,42161,0.037438242,2404638.117,4472.322375,5461.60326,27.60692824,33.71360037,119843.2496,0.005117387,0.049838372
Moonwell cbBTC 26JUN2025,0.0005,2024-12-01,2025-06-26,207,3-Lending,BTC,Moonwell,8453,0.031170589,2358700.238,103.468298,211.5440564,3.337687034,6.824001818,12887.27755,0.001055989,0.00546372
ether.fi EIGEN 27MAR2025,0.002,2024-10-22,2025-03-27,156,2-Restaking,Other,Ether.fi,1,0.104309803,2306511.556,3289.2988,7398.049128,35.75324783,80.41357748,53013.47365,0.012725258,0.022984265
Ethena USDe 29AUG2024,0.01,2024-04-05,2024-08-29,146,6-Stablecoins,Stable,Ethena,42161,0.32510752,2185512.922,82483.583,118950.2123,580.8703028,837.6775518,329116.199,0.139899565,0.150589912
Moonwell USDC 26JUN2025,0.002,2024-12-01,2025-06-26,207,3-Lending,Stable,Moonwell,8453,0.109327774,2070877.61,946.8018347,1184.860916,15.52134155,19.42394945,15542.60944,0.003423544,0.007505325
Bedrock UniETH 26JUN2025,0.0005,2024-11-13,2025-06-26,225,2-Restaking,ETH,Bedrock,1,0.047340541,1981835.302,261.6197141,530.0903977,9.343561218,18.93179992,40688.13795,0.003486721,0.020530534
Ethena USDe 28NOV2024,0.001,2024-08-13,2024-11-28,107,6-Stablecoins,Stable,Ethena,42161,0.086260717,1981346.898,3310.205938,8225.642968,31.22835791,77.60040536,186099.5808,0.014295401,0.093925794
Stargate USDT Arbitrum,0.001,2023-03-24,2024-06-27,461,8-Other,Stable,Stargate,42161,0.036682252,1980178.941,10627.69999,15225.45443,38.09211465,54.57152124,35343.07214,0.010058993,0.017848423
GLP 26SEP2024,0.001,2024-03-19,2024-09-26,191,5-Derivative,Other,GMX,42161,0.170349672,1946533.256,3323.986822,10668.77523,17.68078097,56.74880444,62735.65654,0.01064113,0.03222943
PENDLE-ETH_Camelot 27JUN2024,0.001,2023-05-09,2024-06-27,415,4-DEX,ETH,Camelot,42161,0.162455267,1850658.079,2367.07847,7830.308519,5.873643846,19.43004595,11010.89232,0.003832132,0.005949717
Stafi rETH-WETH_BalancerLP Aura 27JUN2024,0.0005,2023-04-19,2024-06-27,435,4-DEX,ETH,Balancer,1,0.071594905,1721962.93,3191.568094,9074.238089,21.71134758,61.72951081,27544.93836,0.013084644,0.015996244
Karak USDE 30JAN2025,0.001,2024-09-23,2025-01-30,129,6-Stablecoins,Stable,Ethena,1,0.121491909,1686081.84,377.5696801,1497.345469,5.808764309,23.03608414,30617.35799,0.004986811,0.01815888
Aerodrome VIR/CBBTC 26JUN2025,0.007499995,2024-12-31,2025-06-26,177,4-DEX,Other,Aerodrome,8453,0.390371272,1648106.895,3249.142128,3516.519878,87.81465209,95.04107779,24825.44354,0.021048388,0.015063006
Bedrock UniETH 26SEP2024,0.003,2024-05-22,2024-09-26,127,2-Restaking,ETH,Bedrock,1,0.12823088,1634905.684,4314.515744,8113.227603,37.19410124,69.94161726,83299.59467,0.015614779,0.050950703
Lista collateral BNB 24APR2025,0.0024,2025-02-04,2025-04-24,79,1-Staking,Other,Lista,56,0.157824186,1595090.978,23.76831189,23.76831189,5.942077972,5.942077972,11661.01493,0.001359708,0.007310564
Ethena USDe 26DEC2024,0.001,2024-07-17,2024-12-26,162,6-Stablecoins,Stable,Ethena,5000,0.132663012,1578566.134,1602.383658,3854.292524,9.952693527,23.93970512,57050.78308,0.005535398,0.036140889
Mellow Re7LRT 26DEC2024,0.002,2024-08-26,2024-12-26,122,2-Restaking,ETH,Mellow Protocol,1,0.067972982,1470680.654,1359.938283,2936.658098,19.9990924,43.1861485,70115.06977,0.010718128,0.047675251
Mellow Re7LRT 26SEP2024,0.001,2024-07-22,2024-09-26,66,2-Restaking,ETH,Mellow Protocol,1,0.123004638,1435843.723,2581.295067,7906.609317,43.75076384,134.0103274,445165.2112,0.034066221,0.31003737
sETH-wstEthSilo 26DEC2024,0.0005,2024-02-17,2024-12-26,313,3-Lending,ETH,Silo,42161,0.04427072,1417087.024,4464.332219,9222.914586,16.53456377,34.15894291,47641.37369,0.008798341,0.033619229
Coinbase Wrapped Staked ETH 25DEC2025,0.0005,2024-11-22,2025-12-25,398,1-Staking,ETH,Coinbase,8453,0.026594393,1372168.795,765.8460847,940.7880484,13.20424284,16.22048359,25272.98168,0.004314685,0.018418275
wstETH-ankrETH_BalancerLP Aura 27JUN2024,0.0005,2023-07-10,2024-06-27,353,4-DEX,ETH,Balancer,1,0.043107767,1333822.674,1979.714339,4513.361568,23.29075693,53.09837139,80339.64271,0.014530346,0.060232626
eUSD 26DEC2024,0.0005,2023-09-11,2024-12-26,472,6-Stablecoins,Stable,Lybra,1,0.062440885,1328611.273,5771.423301,11706.50274,45.44427796,92.1771869,46962.69866,0.025323188,0.035347208
Mellow Steakhouse steakLRT 26DEC2024,0.002,2024-08-26,2024-12-26,122,2-Restaking,ETH,Mellow Protocol,1,0.068329193,1305545.225,905.8565554,2120.933432,15.61821647,36.56781779,57683.54235,0.010223509,0.044183488
Mellow amphrETH 26SEP2024,0.001,2024-07-22,2024-09-26,66,2-Restaking,ETH,Mellow Protocol,1,0.123267689,1301168.195,1918.589966,7915.427924,30.45380899,125.6417131,278927.5293,0.035244656,0.214367005
stETH 29JUN2023,0.0005,2022-11-23,2023-06-29,218,1-Staking,ETH,Lido,1,0.047031136,1284284.429,3251.863253,6471.752459,21.39383719,42.57731881,71141.4149,0.012100685,0.055393816
Mellow ENA 26SEP2024,0.003,2024-07-01,2024-09-26,87,6-Stablecoins,Other,Ethena,1,0.754684629,1233844.757,6136.789197,23953.60971,71.35801391,278.5303454,189381.7637,0.08239576,0.153489134
sETH-pteETHSilo 26SEP2024,0.001,2024-06-12,2024-09-26,106,3-Lending,ETH,Silo,42161,0.057963378,1232123.622,265.7134292,827.1081035,2.579742031,8.030175762,14262.18798,0.002378831,0.01157529
Bedrock uniETH 26JUN2025,0.0005,2024-11-14,2025-06-26,224,2-Restaking,ETH,Bedrock,42161,0.04348648,1222590.326,546.2040801,1072.068212,6.502429525,12.76271681,28133.66592,0.003810264,0.023011523
HLP 26DEC2024,0.001,2024-06-04,2024-12-26,205,5-Derivative,Other,HMX,42161,0.201350898,1220534.781,546.7782903,3985.902697,2.893006827,21.08943226,31699.47755,0.006306779,0.025971794
sETH-ptezETHSilo 26SEP2024,0.001,2024-06-12,2024-09-26,106,3-Lending,ETH,Silo,42161,0.070461294,1193253.153,307.7406645,892.9788003,3.140210862,9.112028575,19503.27544,0.002787246,0.016344625
ether.fi eBTC 26JUN2025,0.0015,2024-12-19,2025-06-26,189,2-Restaking,BTC,Ether.fi,1,0.05719374,1178293.795,2061.405578,2850.665865,55.71366428,77.04502337,81065.10815,0.023866232,0.068798723
Mellow amphrETH 25JUL2024,0.003,2024-06-19,2024-07-25,36,2-Restaking,ETH,Mellow Protocol,1,0.294867584,1163332.136,3186.061733,6780.141715,96.54732526,205.4588399,816963.9696,0.064463513,0.702262015
spSILO 27MAR2025,0.005,2024-11-06,2025-03-27,141,3-Lending,Other,Silo,42161,0.363534872,1159281.517,3717.583374,5279.038025,39.97401477,56.76384973,28623.89929,0.017872109,0.024691068
Mellow rstETH 26SEP2024,0.001,2024-07-22,2024-09-26,66,2-Restaking,ETH,Mellow Protocol,1,0.118663536,1144850.932,1708.652539,6685.795957,29.45952653,115.2723441,298598.4405,0.03675099,0.26081862
Dolomite WBTC 26JUN2025,0.0005,2024-10-29,2025-06-26,240,3-Lending,BTC,Dolomite,42161,0.038425152,1142052.841,1090.973867,3425.442682,11.24715327,35.31384209,43156.14384,0.011286301,0.03778822
Aave Arbitrum USDCn 26JUN2025,0.002,2024-12-16,2025-06-26,192,3-Lending,Stable,AAVE,42161,0.080175119,1131978.608,922.5457784,1324.633674,17.40652412,24.99308819,18581.04156,0.008058878,0.016414658
Swell L2 Deposit RswETH 26SEP2024,0.001,2024-07-23,2024-09-26,65,2-Restaking,ETH,Swell,1,0.103527971,1121714.336,1414.497308,2650.930575,22.45233823,42.0782631,197127.6582,0.013692048,0.175737843
MUXLP 28MAR2024,0.001,2023-11-07,2024-03-28,142,5-Derivative,Other,MUX,42161,0.387753118,1018019.163,1940.391619,10668.52051,14.06080883,77.30811966,136140.7604,0.027718008,0.133731039
sETH-ptezETHSilo 27JUN2024,0.0005,2024-04-30,2024-06-27,58,3-Lending,ETH,Silo,42161,0.145453158,996728.3429,120.2239236,1094.647724,2.109191641,19.20434603,54482.60069,0.007032595,0.054661434
sETH-pteETHSilo 25APR2024,0.0005,2024-03-05,2024-04-25,51,3-Lending,ETH,Silo,42161,0.260887905,992340.8613,1234.459225,9986.405876,24.68918449,199.7281175,652565.3673,0.073463429,0.657602032
Savings USDS 27MAR2025,0.0005,2024-10-15,2025-03-27,163,6-Stablecoins,Stable,Sky,1,0.101870066,987521.8898,1312.162667,3365.68805,23.85750303,61.19432818,117566.3975,0.022618162,0.119051941
Dolomite USDC 26JUN2025,0.002,2024-10-29,2025-06-26,240,3-Lending,Stable,Dolomite,42161,0.123131033,980921.1762,4452.849986,7041.101395,44.08762362,69.7138752,40865.4286,0.025940478,0.041660257
sETH-pteETHSilo 27JUN2024,0.0005,2024-04-30,2024-06-27,58,3-Lending,ETH,Silo,42161,0.135867235,979846.314,115.4192242,774.439283,2.024898671,13.58665409,61951.85388,0.005061129,0.063226093
Stargate USDT Ethereum,0.0005,2023-03-24,2024-06-27,461,8-Other,Stable,Stargate,1,0.036463986,945418.8548,2422.001651,4721.44763,18.21053873,35.49960624,17714.92115,0.013705413,0.018737643
MUXLP 27JUN2024,0.001,2024-03-19,2024-06-27,100,5-Derivative,Other,MUX,42161,0.412416676,934057.2136,1577.555327,10005.6286,16.60584554,105.3224063,92495.55481,0.041156663,0.099025577
HLP 27JUN2024,0.001,2023-09-11,2024-06-27,290,5-Derivative,Other,HMX,42161,0.260340153,924329.5394,2723.42626,11399.4578,10.39475672,43.5093809,30507.96164,0.01718102,0.033005503
ENA 31OCT2024,0.003,2024-07-27,2024-10-31,96,6-Stablecoins,Other,Ethena,1,0.399721294,923409.7195,9714.418283,21673.82795,104.4561106,233.0519134,388318.2193,0.092119399,0.420526459
Bedrock UniETH 26DEC2024,0.001,2024-09-03,2024-12-26,114,2-Restaking,ETH,Bedrock,1,0.051302948,870483.5209,232.4248872,742.0697052,4.150444414,13.25124474,39459.27673,0.005556342,0.045330297
Mellow Re7LRT 25JUL2024,0.003,2024-06-19,2024-07-25,36,2-Restaking,ETH,Mellow Protocol,1,0.233581052,852103.5693,3892.214549,12596.18653,111.20613,359.8910437,653135.7353,0.154159935,0.766498063
oETH 26DEC2024,0.0005,2023-09-04,2024-12-26,479,1-Staking,ETH,Origin,1,0.05424319,842800.8017,2513.31309,5308.560461,25.1331309,53.08560461,25155.00357,0.022990303,0.029846915
Karak sUSDe 30JAN2025,0.001,2024-09-23,2025-01-30,129,6-Stablecoins,Stable,Ethena,1,0.180432495,823008.6655,786.9238172,3234.230049,11.92308814,49.00348559,49432.47684,0.021732787,0.06006313
Mellow Steakhouse steakLRT 26SEP2024,0.001,2024-07-22,2024-09-26,66,2-Restaking,ETH,Mellow Protocol,1,0.117719648,816063.3577,890.1399655,2652.095901,15.89535653,47.35885537,168837.4895,0.021182157,0.206892624
ankrBNB 26JUN2025,0.001,2023-07-10,2025-06-26,717,1-Staking,Other,Ankr,56,0.029895525,756463.2764,3245.753108,5115.775987,9.574492944,15.09078462,6728.449724,0.007281433,0.008894615
Mellow rstETH 25JUL2024,0.003,2024-06-19,2024-07-25,36,2-Restaking,ETH,Mellow Protocol,1,0.436145559,717157.6027,1886.886565,4093.755767,60.86730855,132.0566376,535168.3888,0.067210712,0.746235398
aUSDT 26SEP2024,0.0005,2024-03-11,2024-09-26,199,3-Lending,Stable,AAVE,1,0.091660663,690284.1223,685.8480153,15636.88949,7.070598096,161.2050463,36550.17604,0.085240034,0.052949467
sETH-ptrsETHSilo 26SEP2024,0.001,2024-06-12,2024-09-26,106,3-Lending,ETH,Silo,42161,0.047851935,647991.5386,149.0554108,561.8748844,1.447139911,5.455095965,11016.32397,0.003072741,0.017000722
Tensorplex Staked TAO 27JUN2024,0.01,2024-04-08,2024-06-27,80,1-Staking,Other,Thena,1,0.277472019,644624.6172,5690.091243,15316.13927,91.77566521,247.0345043,53118.60267,0.139876126,0.08240238
Thena frxETH-ETH 27JUN2024,0.001,2023-06-28,2024-06-27,365,4-DEX,ETH,Ethena,56,0.046562091,638556.4984,1484.296771,4062.519348,6.481645287,17.74025916,10732.78785,0.010140363,0.016807891
rETH-WETH_BalancerLP Aura 28DEC2023,0.0005,2023-01-10,2023-12-28,352,4-DEX,ETH,Balancer,1,0.076518838,629780.1316,7521.590588,19483.56246,79.17463777,205.0901312,96940.0864,0.118863543,0.153926873
Fluid USDT 26JUN2025,0.002,2024-12-17,2025-06-26,191,3-Lending,Stable,Fluid,1,0.12813607,629144.2157,609.7395692,1248.472227,29.03521758,59.45105844,30360.7628,0.034490719,0.048257239
Fluid USDC 26JUN2025,0.002,2024-12-17,2025-06-26,191,3-Lending,Stable,Fluid,1,0.13778808,622491.4472,866.0771076,1906.73829,33.31065799,73.33608807,34439.28547,0.043000867,0.055324914
Dolomite USDC 26SEP2024,0.001,2024-06-12,2024-09-26,106,3-Lending,Stable,Dolomite,42161,0.149406129,614299.6293,1164.301275,4660.377813,11.19520456,44.81132512,73067.539,0.026625661,0.118944462
Staking MNT 3OCT2024,0.003,2024-08-20,2024-10-03,44,1-Staking,Other,Mantle,5000,0.474306794,583127.0108,1149.045592,4110.270463,31.05528626,111.0883909,221687.4525,0.069534187,0.380170097
ARB-ETH_Camelot 27JUN2024,0.001,2023-05-16,2024-06-27,408,4-DEX,ETH,Camelot,42161,0.0808325,577575.0232,1630.891353,4465.343515,4.754785285,13.01849421,5459.313115,0.00822707,0.009452128
sUSDC-ARBSilo 1FEB2024,0.001,2023-11-22,2024-02-01,71,3-Lending,Stable,Silo,42161,0.092276272,555458.0454,2375.207775,5308.049539,33.45363063,74.76126111,244988.9185,0.049126771,0.441057467
fUSDC 26DEC2024,0.0005,2023-08-22,2024-12-26,492,7-RWA,Stable,Ondo,1,0.04327927,554303.6304,2348.776795,3449.47343,16.31094997,23.9546766,19139.25723,0.015773768,0.034528472
sFRAX 28MAR2024,0.0005,2023-10-23,2024-03-28,157,6-Stablecoins,Other,Frax,1,0.055199085,553313.7824,1701.093967,4218.205187,34.02187933,84.36410374,91921.46764,0.055651782,0.166129004
Mellow sUSDe 26SEP2024,0.003,2024-07-01,2024-09-26,87,2-Restaking,Stable,Mellow Protocol,1,0.196943838,549741.1951,1346.058249,4510.505986,20.70858844,69.39239979,73396.80182,0.046073,0.133511555
Mellow Steakhouse steakLRT 25JUL2024,0.003,2024-06-19,2024-07-25,36,2-Restaking,ETH,Mellow Protocol,1,0.328343381,539176.6263,2084.85187,4686.77077,59.56719627,133.9077363,403157.4234,0.090649931,0.747727931
gDAI 27MAR2025,0.0020001,2024-09-01,2025-03-27,207,5-Derivative,Stable,Gains Network,42161,0.070170547,532438.0828,819.7036106,1865.278582,7.520216611,17.11264754,7950.65343,0.01173116,0.014932541
Aave aUSDC 26DEC2024,0.001,2024-06-06,2024-12-26,203,3-Lending,Stable,AAVE,42161,0.073028059,504733.2918,932.7526261,3333.320724,4.883521602,17.45194097,24181.43539,0.012620444,0.047909333
MUXLP 26DEC2024,0.001,2024-06-04,2024-12-26,205,5-Derivative,Other,MUX,42161,0.200368072,498202.9478,498.5492703,2629.361594,3.003308857,15.83952767,9232.487403,0.011604563,0.018531579
wstETH-WETH_BalancerLP Aura 27JUN2024,0.0005,2023-02-07,2024-06-27,506,4-DEX,ETH,Balancer,1,0.06233171,464044.3129,7541.182078,17367.4498,88.71978915,204.3229389,68773.93759,0.160712825,0.148205539
Autocompounding Pirex ETH 27MAR2025,0.0005,2024-03-20,2025-03-27,372,1-Staking,ETH,Dinero,1,0.066338602,459243.4839,476.9716199,5865.881664,6.359621599,78.21175552,15813.17317,0.062161559,0.034433092
MUXLP 26JUN2025,0.002,2024-11-19,2025-06-26,219,5-Derivative,Other,MUX,42161,0.140695399,448280.3244,209.7943437,482.7362617,4.370715493,10.05700545,4199.2022,0.008188642,0.009367358
Morpho Pendle WBTC 26JUN2025,0.001,2024-11-26,2025-06-26,212,3-Lending,BTC,Morpho,1,0.050957675,441588.8069,171.2645739,471.3021704,6.587098996,18.12700655,13960.98674,0.014983073,0.031615355
Aave Ethereum USDC 26JUN2025,0.002,2024-12-16,2025-06-26,192,3-Lending,Stable,AAVE,1,0.091802137,402173.5419,538.1227862,1230.323469,19.93047356,45.56753589,20583.12291,0.041355656,0.051179704
wstETH 26SEP2024,0.001,2023-08-11,2024-09-26,412,1-Staking,ETH,Lido,10,0.041472196,400624.6625,1840.953829,3279.600595,6.574835105,11.71285927,8195.337342,0.010671319,0.020456397
FRAXUSDC_CurveLP Convex 30MAR2023,0.0005,2022-11-23,2023-03-30,127,4-DEX,Stable,Convex,1,0.024957881,396410.2495,1218.769849,1699.929487,15.04654135,20.98678379,84712.51513,0.01932386,0.213699104
Staked ePENDLE 27MAR2025,0.0015,2024-12-20,2025-03-27,97,8-Other,Other,ePendle,42161,0.28683895,373931.2395,16.63456508,16.6769889,0.665382603,0.667079556,3406.425696,0.000651147,0.009109765
ARB-GRAIL_Camelot 27JUN2024,0.001,2023-05-22,2024-06-27,402,4-DEX,Other,Camelot,42161,0.088501464,364208.8186,1022.887264,2769.431006,2.720444851,7.365507994,5135.543427,0.007381508,0.014100547
stETH 30MAR2023,0.0005,2022-11-23,2023-03-30,127,1-Staking,ETH,Lido,1,0.049063903,352607.9683,809.9655117,1762.676491,9.418203625,20.49623827,87047.02836,0.021216557,0.246866311
rETH 27JUN2024,0.001,2023-08-11,2024-06-27,321,1-Staking,ETH,Rocketpool,10,0.048148447,317787.8983,1301.740774,2050.834704,5.446614117,8.580898344,8725.687153,0.009855718,0.027457582
Aave Ethereum USDT 26JUN2025,0.002,2024-12-16,2025-06-26,192,3-Lending,Stable,AAVE,1,0.095288037,301098.3036,256.2649967,660.8104823,17.08433312,44.05403215,17824.66695,0.053403561,0.059198829
ankrETH-WETH_BalancerLP Aura 26SEP2024,0.0005,2023-04-24,2024-09-26,521,4-DEX,ETH,Ankr,1,0.141341086,260945.4415,945.1161142,4208.117886,18.53168851,82.51211542,14150.99224,0.115414632,0.054229697
rETH-WETH_BalancerLP Aura 26DEC2024,0.0005,2023-04-24,2024-12-26,612,4-DEX,ETH,Balancer,1,0.021898799,252093.4409,2538.946792,7755.738309,63.47366981,193.8934577,40605.71186,0.280733651,0.161074051
Renzo ezETH 26SEP2024,0.003,2024-04-21,2024-09-26,158,2-Restaking,ETH,Renzo,56,0.143291143,222487.3505,1691.424528,6685.437662,14.2136515,56.18014842,13760.68032,0.092165933,0.06184927
Savings crvUSD 26JUN2025,0.002,2024-12-04,2025-06-26,204,3-Lending,Stable,Curve,1,0.136596295,219067.4203,751.0885708,1330.175064,25.89960589,45.86810564,24945.12343,0.076423315,0.113869618
Silo crvUSD 26SEP2024,0.003,2024-06-11,2024-09-26,107,3-Lending,Stable,Silo,1,0.124091144,208345.0342,148.223873,424.9265391,4.781415259,13.70730771,18233.24595,0.024013854,0.087514665
Sophon Farming PEPE 26SEP2024,0.001,2024-08-26,2024-09-26,31,8-Other,Other,Sophon,1,0.288500116,165795.5822,147.2150895,1311.115365,5.452410724,48.55982834,102789.9805,0.106904763,0.619980214
ETHx-BbAWeth_BalancerLP Aura 26SEP2024,0.0005,2023-07-26,2024-09-26,428,4-DEX,ETH,Balancer,1,0.048447408,133421.9364,1772.049092,4300.469246,57.16287394,138.7248144,51993.87832,0.379506988,0.389695126
GM ARB-USDC 28MAR2024,0.001,2023-11-14,2024-03-28,135,4-DEX,Stable,GMX,42161,0.140029256,127705.5649,368.3790573,1812.795952,3.019500469,14.85898321,13232.40352,0.04246901,0.103616499
sAPE 29JUN2023,0.0005,2022-12-13,2023-06-29,198,8-Other,Other,BAYC,1,0.976893859,123501.8826,305.0118722,2183.392137,2.074910696,14.85300774,5372.592958,0.043896884,0.043502114
Renzo REZ Staking 26SEP2024,0.001,2024-06-29,2024-09-26,89,8-Other,Other,Renzo,1,0.172040646,102057.1323,148.1236449,1393.396159,2.693157181,25.33447563,15964.23737,0.090606932,0.156424514
ankrETH-WETH_BalancerLP Aura 28MAR2024,0.0005,2023-03-13,2024-03-28,381,4-DEX,ETH,Ankr,1,0.081548775,98260.43206,2114.977314,8681.452429,50.35660272,206.7012483,50924.52082,0.767816242,0.518260705
weETH 26SEP2024,0.003,2024-05-14,2024-09-26,135,2-Restaking,ETH,Ether.fi,56,0.117040181,87308.57633,443.2566991,2501.280794,4.870952737,27.48660213,6506.425664,0.114909786,0.074522183
LOOKS Staking 30MAR2023,0.0005,2022-11-23,2023-03-30,127,1-Staking,Other,LOOKS,1,0.26986086,60962.4496,113.7212681,865.3105397,1.536773893,11.69338567,9120.985232,0.070011717,0.149616449
