Date,Active traders,Trades,Listed assets,Trustlines,Marketcap (USD),DEX vol. (USD),CEX vol. (USD),Total vol. (USD),,,
2022/5/31,6375,36300,2.52K,10.49M,$210.42M,$2.30M,$0.00M,$2.30M,,,
2022/6/1,6323,37009,2.52K,10.47M,$219.00M,$2.60M,$0.00M,$2.60M,,,
2022/6/2,6117,35719,2.53K,10.46M,$204.44M,$2.27M,$0.00M,$2.27M,,,
2022/6/3,5518,30562,2.53K,10.47M,$205.79M,$0.70M,$0.00M,$0.70M,,,
2022/6/4,5457,28152,2.53K,10.46M,$218.85M,$2.08M,$0.00M,$2.08M,,,
2022/6/5,5272,26459,2.53K,10.45M,$200.50M,$2.12M,$0.00M,$2.12M,,,
2022/6/6,5011,29674,2.53K,10.45M,$204.99M,$2.40M,$0.00M,$2.40M,,,
2022/6/7,5239,30878,2.55K,10.45M,$204.00M,$2.55M,$0.00M,$2.55M,,,
2022/6/8,5528,27413,2.55K,10.45M,$205.97M,$2.23M,$0.00M,$2.23M,,,
2022/6/9,5447,28767,2.55K,10.34M,$198.87M,$2.16M,$0.00M,$2.16M,,,
2022/6/10,4938,29085,2.55K,10.34M,$180.60M,$2.22M,$0.00M,$2.22M,,,
2022/6/11,4648,32758,2.55K,10.33M,$172.86M,$2.50M,$0.00M,$2.50M,,,
2022/6/12,5060,36066,2.56K,10.32M,$162.42M,$2.62M,$0.00M,$2.62M,,,
2022/6/13,5144,47558,2.56K,10.32M,$158.76M,$3.00M,$0.00M,$3.00M,,,
2022/6/14,4503,43292,2.56K,10.31M,$168.15M,$2.59M,$0.00M,$2.59M,,,
2022/6/15,5087,47986,2.57K,10.31M,$159.57M,$2.62M,$0.00M,$2.62M,,,
2022/6/16,4608,31395,2.57K,10.31M,$157.44M,$2.61M,$0.00M,$2.61M,,,
2022/6/17,4230,35319,2.57K,10.30M,$148.17M,$2.16M,$0.00M,$2.16M,,,
2022/6/18,5368,41988,2.57K,10.29M,$151.17M,$2.73M,$0.00M,$2.73M,,,
2022/6/19,5016,47721,2.58K,10.29M,$154.20M,$2.32M,$0.00M,$2.32M,,,
2022/6/20,9907,46217,2.58K,10.28M,$156.68M,$2.15M,$0.00M,$2.15M,,,
2022/6/21,5298,36411,2.58K,10.27M,$167.75M,$2.46M,$0.00M,$2.46M,,,
2022/6/22,12207,62540,2.58K,10.25M,$200.69M,$2.35M,$0.00M,$2.35M,,,
2022/6/23,5105,33370,2.58K,10.23M,$238.68M,$2.68M,$0.00M,$2.68M,,,
2022/6/24,5645,48757,2.59K,10.21M,$193.82M,$2.41M,$0.00M,$2.41M,,,
2022/6/25,7451,38685,2.59K,10.20M,$202.00M,$2.26M,$0.00M,$2.26M,,,
2022/6/26,7488,48573,2.59K,10.18M,$194.04M,$3.48M,$0.00M,$3.48M,,,
2022/6/27,6955,40729,2.59K,10.17M,$193.70M,$3.86M,$0.00M,$3.86M,,,
2022/6/28,7047,41037,2.60K,10.17M,$192.44M,$3.75M,$0.00M,$3.75M,,,
2022/6/29,6366,37799,2.60K,10.16M,$192.08M,$3.65M,$0.00M,$3.65M,,,
2022/6/30,5402,43498,2.60K,10.15M,$178.21M,$3.72M,$0.00M,$3.72M,,,
2022/7/1,5517,37056,2.60K,10.14M,$180.07M,$3.28M,$0.00M,$3.28M,,,
2022/7/2,6184,38887,2.60K,10.13M,$176.94M,$3.25M,$0.00M,$3.25M,,,
2022/7/3,7007,40474,2.60K,10.12M,$174.31M,$2.31M,$0.00M,$2.31M,,,
2022/7/4,6053,36049,2.60K,10.11M,$172.21M,$2.49M,$0.00M,$2.49M,,,
2022/7/5,6029,35800,2.61K,10.10M,$177.43M,$2.35M,$0.00M,$2.35M,,,
2022/7/6,6425,34168,2.61K,10.09M,$189.53M,$2.54M,$0.00M,$2.54M,,,
2022/7/7,6781,38274,2.62K,10.08M,$176.78M,$2.80M,$0.00M,$2.80M,,,
2022/7/8,5205,34157,2.62K,10.07M,$172.17M,$2.32M,$0.00M,$2.32M,,,
2022/7/9,5358,30751,2.62K,10.07M,$167.92M,$2.07M,$0.00M,$2.07M,,,
2022/7/10,4871,28599,2.62K,10.07M,$161.49M,$2.32M,$0.00M,$2.32M,,,
2022/7/11,5174,32372,2.63K,10.06M,$160.62M,$2.30M,$0.00M,$2.30M,,,
2022/7/12,5326,34336,2.64K,10.05M,$161.16M,$2.26M,$0.00M,$2.26M,,,
2022/7/13,4830,28117,2.64K,10.04M,$169.08M,$2.60M,$0.00M,$2.60M,,,
2022/7/14,5079,30492,2.65K,10.04M,$175.68M,$2.12M,$0.00M,$2.12M,,,
2022/7/15,5261,32653,2.65K,10.04M,$163.96M,$1.03M,$0.00M,$1.03M,,,
2022/7/16,4940,31267,2.65K,10.03M,$160.94M,$2.46M,$0.00M,$2.46M,,,
2022/7/17,5088,28071,2.65K,10.02M,$157.94M,$1.13M,$0.00M,$1.13M,,,
2022/7/18,5981,34904,2.65K,10.01M,$172.29M,$1.10M,$0.00M,$1.10M,,,
2022/7/19,5018,34718,2.65K,10.00M,$166.72M,$1.39M,$0.00M,$1.39M,,,
2022/7/20,4885,32127,2.65K,9.98M,$155.38M,$1.23M,$0.00M,$1.23M,,,
2022/7/21,4484,31426,2.66K,9.97M,$170.70M,$1.02M,$0.00M,$1.02M,,,
2022/7/22,4628,30688,2.66K,9.97M,$169.57M,$0.80M,$0.00M,$0.80M,,,
2022/7/23,4305,23903,2.66K,9.96M,$166.31M,$0.63M,$0.00M,$0.63M,,,
2022/7/24,5243,29653,2.66K,9.97M,$139.29M,$0.67M,$0.00M,$0.67M,,,
2022/7/25,7778,35723,2.67K,9.97M,$160.34M,$0.70M,$0.00M,$0.70M,,,
2022/7/26,4383,26849,2.67K,9.96M,$175.84M,$0.94M,$0.00M,$0.94M,,,
2022/7/27,4778,30684,2.67K,9.95M,$180.20M,$0.99M,$0.00M,$0.99M,,,
2022/7/28,4554,30520,2.67K,9.95M,$206.87M,$1.16M,$0.00M,$1.16M,,,
2022/7/29,4427,29083,2.67K,9.93M,$217.19M,$0.81M,$0.00M,$0.81M,,,
2022/7/30,5095,36280,2.67K,9.92M,$214.87M,$1.49M,$0.00M,$1.49M,,,
2022/7/31,4737,28447,2.68K,9.91M,$199.48M,$0.77M,$0.00M,$0.77M,,,
2022/8/1,4520,25447,2.68K,9.90M,$196.90M,$0.88M,$0.00M,$0.88M,,,
2022/8/2,4182,25733,2.68K,9.89M,$198.97M,$0.60M,$0.00M,$0.60M,,,
2022/8/3,4385,22321,2.68K,9.88M,$202.17M,$0.54M,$0.00M,$0.54M,,,
2022/8/4,4501,23865,2.69K,9.87M,$197.07M,$0.65M,$0.00M,$0.65M,,,
2022/8/5,4200,30543,2.69K,7.40M,$191.68M,$0.63M,$0.00M,$0.63M,,,
2022/8/6,3912,33526,2.69K,9.78M,$192.31M,$1.10M,$0.00M,$1.10M,,,
2022/8/7,4448,24739,2.69K,9.73M,$185.46M,$0.83M,$0.00M,$0.83M,,,
2022/8/8,4295,28733,2.69K,9.64M,$175.14M,$0.78M,$0.00M,$0.78M,,,
2022/8/9,4364,21780,2.70K,9.58M,$180.84M,$0.87M,$0.00M,$0.87M,,,
2022/8/10,4373,23366,2.70K,9.48M,$181.17M,$0.88M,$0.00M,$0.88M,,,
2022/8/11,3999,22140,2.70K,9.45M,$191.39M,$0.67M,$0.00M,$0.67M,,,
2022/8/12,4242,22935,2.70K,9.44M,$200.74M,$1.09M,$0.00M,$1.09M,,,
2022/8/13,4988,28229,2.70K,9.43M,$197.36M,$0.87M,$0.00M,$0.87M,,,
2022/8/14,4623,24859,2.70K,9.42M,$197.76M,$0.89M,$0.00M,$0.89M,,,
2022/8/15,4859,28135,2.71K,9.41M,$198.47M,$0.99M,$0.00M,$0.99M,,,
2022/8/16,4537,26981,2.71K,9.40M,$179.36M,$0.81M,$0.00M,$0.81M,,,
2022/8/17,4395,28718,2.71K,9.40M,$167.93M,$1.10M,$0.00M,$1.10M,,,
2022/8/18,4526,25366,2.71K,9.40M,$156.05M,$0.93M,$0.00M,$0.93M,,,
2022/8/19,4679,33371,2.72K,9.38M,$153.97M,$0.95M,$0.00M,$0.95M,,,
2022/8/20,3916,26064,2.72K,9.37M,$156.77M,$0.83M,$0.00M,$0.83M,,,
2022/8/21,3909,24649,2.72K,9.35M,$152.68M,$0.69M,$3.41M,$4.10M,,,
2022/8/22,3392,24068,2.72K,9.35M,$152.08M,,$3.48M,$4.17M,,,
2022/8/23,3255,22807,2.72K,9.35M,$154.87M,$0.66M,$3.09M,$3.76M,,,
2022/8/24,3610,21563,2.72K,9.34M,$154.74M,$0.50M,$3.11M,$3.61M,,,
2022/8/25,3880,22794,2.72K,9.33M,$150.82M,$0.62M,$3.32M,$3.94M,,,
2022/8/26,4201,28349,2.72K,9.33M,$149.49M,$1.40M,$3.21M,$4.61M,,,
2022/8/27,3316,20265,2.72K,9.32M,$144.25M,$0.75M,$2.90M,$3.65M,,,
2022/8/28,3304,22711,2.73K,9.32M,$141.62M,$0.71M,$2.71M,$3.41M,,,
2022/8/29,4437,26604,2.73K,9.32M,$145.29M,$0.57M,$2.62M,$3.19M,,,
2022/8/30,4669,27697,2.73K,9.31M,$145.98M,$0.92M,$2.88M,$3.80M,,,
2022/8/31,3981,24602,2.73K,9.30M,$143.03M,$0.69M,$2.54M,$3.23M,,,
2022/9/1,3936,24426,2.73K,9.29M,$146.86M,$0.86M,$2.47M,$3.33M,,,
2022/9/2,4712,25787,2.73K,9.30M,$146.51M,$0.72M,$2.37M,$3.09M,,,
2022/9/3,3941,24784,2.73K,9.29M,$147.72M,$0.54M,$2.07M,$2.61M,,,
2022/9/4,3571,19478,2.74K,9.30M,$150.73M,$0.53M,$2.33M,$2.86M,,,
2022/9/5,4600,26602,2.74K,9.30M,$146.46M,$0.95M,$2.44M,$3.40M,,,
2022/9/6,6679,34130,2.74K,9.28M,$136.08M,$1.15M,$2.46M,$3.62M,,,
2022/9/7,5872,33002,2.75K,9.28M,$137.63M,$0.81M,$2.35M,$3.16M,,,
2022/9/8,4416,23914,2.76K,9.27M,$139.98M,$0.57M,$2.38M,$2.95M,,,
2022/9/9,4683,27769,2.76K,9.26M,$143.72M,$0.72M,$2.22M,$2.95M,,,
2022/9/10,4544,28041,2.76K,9.26M,$149.04M,$0.67M,$2.40M,$3.07M,,,
2022/9/11,4052,27295,2.76K,9.26M,$145.88M,$0.79M,$2.88M,$3.67M,,,
2022/9/12,4200,23972,2.76K,9.25M,$166.20M,$0.74M,$2.93M,$3.67M,,,
2022/9/13,3981,29571,2.76K,9.27M,$153.08M,$1.13M,$2.92M,$4.05M,,,
2022/9/14,3983,46627,2.76K,9.27M,$159.44M,$0.68M,$2.72M,$3.39M,,,
2022/9/15,4425,72041,2.76K,9.27M,$149.89M,$0.89M,$2.81M,$3.70M,,,
2022/9/16,3995,52567,2.77K,9.27M,$156.84M,$0.84M,$2.89M,$3.73M,,,
2022/9/17,4778,55554,2.78K,9.27M,$156.52M,$1.04M,$3.13M,$4.17M,,,
2022/9/18,4846,63447,2.78K,9.25M,$146.19M,$1.29M,$3.02M,$4.31M,,,
2022/9/19,5511,84849,2.78K,9.24M,$143.58M,$1.12M,$2.95M,$4.06M,,,
2022/9/20,4650,46164,2.78K,9.23M,$155.29M,$1.92M,$3.08M,$5.01M,,,
2022/9/21,4438,39736,2.78K,9.23M,$139.97M,$1.49M,$3.12M,$4.60M,,,
2022/9/22,5394,53147,2.78K,9.21M,$170.69M,$3.96M,$2.98M,$6.94M,,,
2022/9/23,6978,68290,2.79K,9.18M,$162.47M,$2.73M,$2.85M,$5.58M,,,
2022/9/24,5842,29128,2.79K,9.16M,$158.45M,$0.83M,$3.03M,$3.85M,,,
2022/9/25,6563,32066,2.80K,9.13M,$161.84M,$1.07M,$2.61M,$3.68M,,,
2022/9/26,5341,25927,2.81K,9.11M,$154.71M,$0.99M,$2.89M,$3.88M,,,
2022/9/27,4708,23851,2.85K,9.12M,$148.04M,$1.09M,$2.49M,$3.58M,,,
2022/9/28,4990,23384,2.85K,9.12M,$144.93M,$0.71M,$2.44M,$3.15M,,,
2022/9/29,5170,29903,2.85K,9.12M,$149.67M,$1.33M,$2.31M,$3.63M,,,
2022/9/30,4594,26670,2.85K,9.11M,$144.94M,$0.90M,$2.22M,$3.11M,,,
2022/10/1,3874,23964,2.86K,9.10M,$148.39M,$0.57M,$2.22M,$2.79M,,,
2022/10/2,3949,22886,2.86K,9.09M,$138.93M,$0.82M,$2.69M,$3.51M,,,
2022/10/3,3462,21903,2.86K,9.08M,$144.60M,$0.95M,$2.66M,$3.62M,,,
2022/10/4,3292,22149,2.86K,9.07M,$152.19M,$0.65M,$3.03M,$3.67M,,,
2022/10/5,3679,29473,2.87K,9.07M,$162.58M,$1.42M,$4.06M,$5.47M,,,
2022/10/6,3968,26156,2.87K,9.06M,$161.15M,$0.78M,$3.16M,$3.94M,,,
2022/10/7,4615,33651,2.87K,9.06M,$190.51M,$2.54M,$5.80M,$8.35M,,,
2022/10/8,4513,39364,2.87K,9.05M,$193.39M,$1.67M,$5.63M,$7.30M,,,
2022/10/9,4208,35666,2.87K,9.04M,$206.24M,$1.83M,$6.35M,$8.18M,,,
2022/10/10,4515,38957,2.86K,9.02M,$200.31M,$1.60M,$5.19M,$6.79M,,,
2022/10/11,4301,46643,2.87K,9.03M,$247.92M,$4.11M,$8.66M,$12.77M,,,
2022/10/12,6199,60197,2.89K,9.02M,$257.44M,$5.17M,$12.05M,$17.22M,,,
2022/10/13,7102,57619,2.89K,9.01M,$266.53M,$3.99M,$8.64M,$12.63M,,,
2022/10/14,5357,50466,2.89K,9.00M,$243.54M,$2.17M,$6.19M,$8.36M,,,
2022/10/15,4096,45782,2.90K,8.99M,$252.65M,$2.70M,$9.04M,$11.74M,,,
2022/10/16,3784,37830,2.90K,9.01M,$236.90M,$1.60M,$5.78M,$7.38M,,,
2022/10/17,3974,44300,2.90K,9.01M,$239.22M,$1.36M,$5.06M,$6.42M,,,
2022/10/18,4136,47775,2.90K,9.01M,$227.90M,$1.42M,$5.12M,$6.54M,,,
2022/10/19,4861,36627,2.90K,9.00M,$220.54M,$1.47M,$4.96M,$6.43M,,,
2022/10/20,4606,35861,2.90K,9.00M,$220.70M,$1.87M,$4.81M,$6.68M,,,
2022/10/21,5158,40786,2.90K,8.99M,$225.93M,$1.33M,$4.16M,$5.49M,,,
2022/10/22,3849,37288,2.90K,8.98M,$248.44M,$1.60M,$5.20M,$6.81M,,,
2022/10/23,4200,38342,2.91K,8.98M,$246.10M,$1.58M,$4.79M,$6.37M,,,
2022/10/24,3680,47908,2.91K,8.96M,$248.91M,$1.49M,$4.47M,$5.95M,,,
2022/10/25,3764,47641,2.91K,8.97M,$242.51M,$1.35M,$4.55M,$5.90M,,,
2022/10/26,5411,34853,2.91K,8.96M,$261.96M,$2.08M,$5.62M,$7.70M,,,
2022/10/27,5291,58044,2.91K,8.94M,$252.78M,$1.62M,$4.95M,$6.57M,,,
2022/10/28,4198,41613,2.92K,8.94M,$253.64M,$1.07M,$4.35M,$5.42M,,,
2022/10/29,4420,33846,2.92K,8.94M,$249.93M,$1.55M,$4.52M,$6.07M,,,
2022/10/30,4763,35610,2.92K,8.94M,$256.05M,$1.87M,$4.68M,$6.56M,,,
2022/10/31,5336,35486,2.92K,8.93M,$246.16M,$2.09M,$4.39M,$6.48M,,,
2022/11/1,4652,30659,2.92K,8.92M,$242.79M,$2.21M,$4.57M,$6.78M,,,
2022/11/2,4912,38984,2.92K,8.92M,$240.30M,$1.57M,$4.15M,$5.72M,,,
2022/11/3,4273,29048,2.93K,8.92M,$239.22M,$1.12M,$3.98M,$5.10M,,,
2022/11/4,4657,36536,2.93K,8.91M,$247.25M,$2.11M,$4.55M,$6.67M,,,
2022/11/5,4676,39163,2.93K,8.89M,$235.71M,$1.63M,$3.98M,$5.61M,,,
2022/11/6,4996,39946,2.94K,8.88M,$235.05M,$1.56M,$3.84M,$5.40M,,,
2022/11/7,4644,31458,2.94K,8.87M,$226.58M,$1.60M,$3.52M,$5.12M,,,
2022/11/8,4538,47605,2.94K,8.86M,$203.07M,$2.73M,$3.83M,$6.56M,,,
2022/11/9,4338,48901,2.94K,8.86M,$166.58M,$2.28M,$3.53M,$5.81M,,,
2022/11/10,4106,38932,2.94K,8.86M,$190.25M,$1.59M,$3.10M,$4.70M,,,
2022/11/11,4055,33292,2.94K,8.85M,$181.55M,$1.59M,$2.75M,$4.34M,,,
2022/11/12,3856,29780,2.94K,8.85M,$178.32M,$1.07M,$2.94M,$4.01M,,,
2022/11/13,5541,40996,2.94K,8.85M,$167.99M,$1.59M,$2.82M,$4.41M,,,
2022/11/14,3904,41094,2.94K,8.84M,$173.51M,$1.62M,$2.84M,$4.46M,,,
2022/11/15,4369,34073,2.94K,8.84M,$178.07M,$1.46M,$2.95M,$4.41M,,,
2022/11/16,3433,27102,2.94K,8.83M,$172.66M,$0.99M,$2.57M,$3.55M,,,
2022/11/17,3623,25951,2.95K,8.83M,$177.29M,$0.82M,$2.46M,$3.27M,,,
2022/11/18,4231,30436,2.95K,8.82M,$172.44M,$0.98M,$3.31M,$4.29M,,,
2022/11/19,3519,22486,2.95K,8.82M,$181.78M,$0.68M,$2.62M,$3.30M,,,
2022/11/20,3831,31998,2.95K,8.83M,$170.93M,$0.98M,$2.35M,$3.33M,,,
2022/11/21,3847,32756,2.95K,8.84M,$170.16M,$0.93M,$2.63M,$3.56M,,,
2022/11/22,3985,30275,2.96K,8.84M,$172.70M,$1.02M,$2.34M,$3.37M,,,
2022/11/23,4273,30502,2.96K,8.85M,$171.74M,$0.70M,$2.44M,$3.14M,,,
2022/11/24,3817,25248,2.96K,8.84M,$179.77M,$0.85M,$2.37M,$3.22M,,,
2022/11/25,4415,22873,2.96K,8.84M,$177.19M,$1.03M,$2.47M,$3.50M,,,
2022/11/26,3941,22879,2.96K,8.84M,$180.95M,$0.61M,$2.37M,$2.98M,,,
2022/11/27,3214,21223,2.96K,8.83M,$173.56M,$0.62M,$2.39M,$3.00M,,,
2022/11/28,3178,27081,2.96K,8.83M,$167.19M,$0.95M,$2.43M,$3.39M,,,
2022/11/29,3530,24790,2.96K,8.83M,$171.16M,$0.76M,$2.34M,$3.10M,,,
2022/11/30,5102,25723,2.96K,8.83M,$194.81M,$0.93M,$2.38M,$3.31M,,,
2022/12/1,5257,26930,2.97K,8.82M,$157.40M,$0.77M,$2.20M,$2.97M,,,
2022/12/2,4107,29409,2.97K,8.82M,$163.96M,$0.61M,$2.39M,$3.01M,,,
2022/12/3,4755,35380,2.97K,8.82M,$166.41M,$0.70M,$2.44M,$3.14M,,,
2022/12/4,5425,32093,2.97K,8.81M,$160.88M,$0.55M,$3.20M,$3.75M,,,
2022/12/5,9638,39759,2.97K,8.80M,$166.21M,$0.69M,$2.63M,$3.32M,,,
2022/12/6,3296,26928,2.97K,8.78M,$166.00M,$0.68M,$2.62M,$3.30M,,,
2022/12/7,6351,33644,2.97K,8.78M,$159.11M,$0.76M,$2.61M,$3.37M,,,
2022/12/8,3656,27190,2.97K,8.77M,$154.69M,$0.99M,$2.76M,$3.74M,,,
2022/12/9,3526,25565,2.98K,8.77M,$150.53M,$0.83M,$2.91M,$3.74M,,,
2022/12/10,3958,25955,2.98K,8.77M,$153.54M,$0.58M,$2.63M,$3.21M,,,
2022/12/11,5487,33487,2.98K,8.76M,$153.54M,$0.97M,$3.44M,$4.40M,,,
2022/12/12,3156,30024,2.98K,8.76M,$155.47M,$0.92M,$2.85M,$3.77M,,,
2022/12/13,3279,30477,2.98K,8.76M,$158.82M,$0.88M,$2.94M,$3.82M,,,
2022/12/14,2986,24440,2.98K,8.75M,$161.16M,$0.70M,$2.68M,$3.38M,,,
2022/12/15,2775,18920,2.98K,8.75M,$164.56M,$0.58M,$2.40M,$2.98M,,,
2022/12/16,2884,26897,2.98K,8.75M,$149.45M,$1.01M,$2.52M,$3.54M,,,
2022/12/17,2807,22872,2.98K,8.75M,$154.70M,$0.72M,$2.76M,$3.49M,,,
2022/12/18,2803,27021,2.98K,8.74M,$160.99M,$4.22M,$2.89M,$7.12M,,,
2022/12/19,2867,26936,2.99K,8.74M,$148.29M,$19.13M,$2.86M,$21.99M,,,
2022/12/20,3164,23502,2.99K,8.74M,$149.04M,$0.93M,$2.51M,$3.45M,,,
2022/12/21,3490,29083,2.99K,8.74M,$162.06M,$1.47M,$2.84M,$4.31M,,,
2022/12/22,4269,36900,2.99K,8.75M,$178.31M,$2.14M,$3.97M,$6.11M,,,
2022/12/23,3731,24973,2.99K,8.74M,$183.29M,$0.83M,$3.29M,$4.11M,,,
2022/12/24,3684,30813,2.99K,8.75M,$202.57M,$1.97M,$3.74M,$5.71M,,,
2022/12/25,5452,32578,2.99K,8.75M,$194.59M,$1.43M,$3.73M,$5.16M,,,
2022/12/26,13183,50903,3.00K,8.74M,$187.72M,$1.42M,$3.21M,$4.63M,,,
2022/12/27,6088,32416,3.00K,8.74M,$186.99M,$1.14M,$2.88M,$4.02M,,,
2022/12/28,5891,29408,3.02K,8.73M,$177.40M,$0.75M,$2.87M,$3.62M,,,
2022/12/29,4446,25432,3.02K,8.73M,$169.52M,$0.97M,$2.45M,$3.42M,,,
2022/12/30,3344,20202,3.02K,8.73M,$172.42M,$0.72M,$2.56M,$3.28M,,,
2022/12/31,3920,20098,3.03K,8.73M,$167.69M,$0.73M,$2.50M,$3.22M,,,
2023/1/1,3882,73735,3.03K,8.73M,$167.56M,$2.35M,$2.33M,$4.68M,,,
2023/1/2,5393,128841,3.03K,8.73M,$169.39M,$4.29M,$2.49M,$6.78M,,,
2023/1/3,4329,127031,3.03K,8.73M,$166.57M,$4.25M,$2.37M,$6.62M,,,
2023/1/4,9993,142746,3.03K,8.72M,$161.37M,$0.76M,$2.44M,$3.20M,,,
2023/1/5,9446,131910,3.03K,8.71M,$159.94M,$1.05M,$2.28M,$3.34M,,,
2023/1/6,10950,92226,3.04K,8.70M,$176.98M,$0.81M,$2.28M,$3.09M,,,
2023/1/7,7030,32826,3.04K,8.71M,$166.87M,$0.85M,$2.40M,$3.24M,,,
2023/1/8,9092,36451,3.04K,8.70M,$177.90M,$0.71M,$2.34M,$3.05M,,,
2023/1/9,3972,29526,3.04K,8.70M,$171.09M,$0.98M,$2.53M,$3.51M,,,
2023/1/10,5559,34718,3.04K,8.69M,$166.22M,$1.09M,$2.56M,$3.65M,,,
2023/1/11,6039,36562,3.04K,8.68M,$165.15M,$1.14M,$2.79M,$3.92M,,,
2023/1/12,4192,32129,3.04K,8.67M,$166.62M,$1.10M,$2.66M,$3.76M,,,
2023/1/13,4019,27896,3.04K,8.68M,$177.49M,$0.77M,$2.50M,$3.27M,,,
2023/1/14,4743,38982,3.04K,8.69M,$167.48M,$1.27M,$2.54M,$3.80M,,,
2023/1/15,3518,29190,3.04K,8.69M,$171.16M,$0.74M,$2.18M,$2.92M,,,
2023/1/16,5614,30531,3.05K,8.70M,$167.02M,$0.81M,$2.50M,$3.31M,,,
2023/1/17,7813,36211,3.05K,8.69M,$178.22M,$0.97M,$2.72M,$3.69M,,,
2023/1/18,3211,28702,3.05K,8.69M,$169.26M,$1.31M,$2.49M,$3.80M,,,
2023/1/19,2704,26294,3.05K,8.69M,$177.78M,$0.55M,$2.56M,$3.12M,,,
2023/1/20,3186,25961,3.05K,8.70M,$189.78M,$1.16M,$2.59M,$3.75M,,,
2023/1/21,4002,23619,3.06K,8.69M,$177.91M,$1.03M,$2.64M,$3.67M,,,
2023/1/22,6092,27467,3.06K,8.69M,$175.10M,$0.76M,$2.24M,$3.00M,,,
2023/1/23,4938,30664,3.06K,8.68M,$189.10M,$1.55M,$2.32M,$3.86M,,,
2023/1/24,7206,31453,3.07K,8.67M,$176.53M,$0.82M,$2.44M,$3.26M,,,
2023/1/25,9271,34038,3.07K,8.66M,$178.61M,$0.72M,$2.48M,$3.20M,,,
2023/1/26,4896,28276,3.07K,8.66M,$175.35M,$0.94M,$2.44M,$3.37M,,,
2023/1/27,3760,25778,3.10K,8.65M,$176.43M,$0.88M,$2.34M,$3.22M,,,
2023/1/28,6721,33971,3.12K,8.65M,$173.93M,$0.76M,$2.39M,$3.15M,,,
2023/1/29,4025,27426,3.12K,8.62M,$178.08M,$0.50M,$2.46M,$2.97M,,,
2023/1/30,3013,25310,3.12K,8.61M,$174.17M,$0.79M,$1.85M,$2.64M,,,
2023/1/31,3055,25891,3.14K,8.60M,$174.54M,$0.73M,$2.18M,$2.91M,,,
2023/2/1,3078,27408,3.14K,8.60M,$176.59M,$1.03M,$2.44M,$3.47M,,,
2023/2/2,5894,30222,3.14K,8.59M,$178.58M,$0.73M,$2.43M,$3.16M,,,
2023/2/3,3150,26179,3.15K,8.60M,$180.61M,$1.80M,$2.11M,$3.91M,,,
2023/2/4,3681,27189,3.15K,8.59M,$186.94M,$1.03M,$2.24M,$3.28M,,,
2023/2/5,3691,26576,3.15K,8.59M,$178.01M,$0.91M,$2.10M,$3.01M,,,
2023/2/6,3301,22323,3.15K,8.60M,$178.14M,$0.72M,$2.09M,$2.81M,,,
2023/2/7,3116,22484,3.16K,8.59M,$186.91M,$1.07M,$2.11M,$3.17M,,,
2023/2/8,2903,21394,3.16K,8.59M,$185.75M,$0.74M,$2.71M,$3.44M,,,
2023/2/9,3283,26352,3.16K,8.58M,$175.56M,$1.23M,$2.72M,$3.94M,,,
2023/2/10,4082,26806,3.16K,8.58M,$180.48M,$1.10M,$2.31M,$3.41M,,,
2023/2/11,4004,26433,3.16K,8.57M,$188.03M,$0.54M,$2.15M,$2.68M,,,
2023/2/12,3091,23728,3.16K,8.57M,$187.61M,$0.39M,$2.24M,$2.63M,,,
2023/2/13,6786,43210,3.16K,8.55M,$170.24M,$0.88M,$2.41M,$3.29M,,,
2023/2/14,8290,43497,3.17K,8.55M,$168.53M,$0.67M,$2.38M,$3.05M,,,
2023/2/15,5343,33238,3.17K,8.55M,$187.10M,$0.94M,$2.63M,$3.57M,,,
2023/2/16,5749,28464,3.17K,8.55M,$180.71M,$0.56M,$2.49M,$3.05M,,,
2023/2/17,3655,26954,3.17K,8.54M,$187.06M,$0.62M,$2.22M,$2.83M,,,
2023/2/18,3201,27624,3.17K,8.54M,$192.89M,$0.95M,$2.25M,$3.20M,,,
2023/2/19,3336,27075,3.18K,8.52M,$183.86M,$0.91M,$2.42M,$3.33M,,,
2023/2/20,3370,31344,3.18K,8.52M,$192.29M,$1.25M,$2.69M,$3.94M,,,
2023/2/21,3281,34070,3.18K,8.52M,$190.48M,$1.70M,$2.75M,$4.46M,,,
2023/2/22,3118,28375,3.18K,8.52M,$198.59M,$1.59M,$2.89M,$4.48M,,,
2023/2/23,2804,23074,3.18K,8.52M,$181.50M,$1.05M,$3.11M,$4.16M,,,
2023/2/24,3106,22764,3.18K,8.52M,$183.03M,$1.03M,$3.87M,$4.90M,,,
2023/2/25,3553,22690,3.18K,8.51M,$186.64M,$0.64M,$7.75M,$8.38M,,,
2023/2/26,3436,24642,3.18K,8.50M,$191.84M,$0.61M,$6.13M,$6.74M,,,
2023/2/27,2642,22327,3.19K,8.50M,$185.79M,$0.90M,$2.68M,$3.57M,,,
2023/2/28,3218,28642,3.19K,8.49M,$191.28M,$1.64M,$2.84M,$4.48M,,,
2023/3/1,3124,24850,3.19K,8.49M,$199.24M,$1.22M,$2.88M,$4.10M,,,
2023/3/2,3063,28764,3.19K,8.48M,$210.63M,$1.78M,$3.60M,$5.38M,,,
2023/3/3,4563,32769,3.19K,8.47M,$202.65M,$1.51M,$2.98M,$4.49M,,,
2023/3/4,2670,22143,3.19K,8.47M,$204.85M,$1.08M,$2.56M,$3.64M,,,
2023/3/5,3050,21693,3.20K,8.47M,$205.77M,$0.75M,$2.19M,$2.94M,,,
2023/3/6,2654,22957,3.20K,8.46M,$202.85M,$1.77M,$2.51M,$4.27M,,,
2023/3/7,3448,24455,3.20K,8.46M,$197.65M,$1.17M,$2.99M,$4.15M,,,
2023/3/8,3029,24996,3.20K,8.46M,$195.37M,$1.66M,$3.25M,$4.91M,,,
2023/3/9,2877,24475,3.20K,8.45M,$172.90M,$1.63M,$3.13M,$4.76M,,,
2023/3/10,2634,22705,3.20K,8.45M,$181.97M,$1.37M,$3.23M,$4.60M,,,
2023/3/11,2583,25222,3.20K,8.45M,$182.80M,$1.34M,$2.79M,$4.14M,,,
2023/3/12,2457,23087,3.20K,8.44M,$187.37M,$1.29M,$3.05M,$4.33M,,,
2023/3/13,2708,20574,3.20K,8.44M,$191.89M,$0.95M,$3.13M,$4.08M,,,
2023/3/14,2549,17749,3.20K,8.44M,$184.08M,$1.01M,$3.27M,$4.28M,,,
2023/3/15,2333,18820,3.20K,8.43M,$178.12M,$0.78M,$3.29M,$4.08M,,,
2023/3/16,2311,19455,3.20K,8.43M,$183.93M,$0.69M,$3.05M,$3.73M,,,
2023/3/17,2310,19849,3.20K,8.43M,$196.06M,$1.02M,$3.04M,$4.06M,,,
2023/3/18,2816,21478,3.20K,8.42M,$187.53M,$0.95M,$2.92M,$3.87M,,,
2023/3/19,2815,18207,3.21K,8.42M,$189.05M,$0.88M,$2.57M,$3.45M,,,
2023/3/20,2864,21820,3.21K,8.41M,$188.52M,$1.24M,$3.10M,$4.34M,,,
2023/3/21,4896,41554,3.21K,8.40M,$222.34M,$4.30M,$4.42M,$8.72M,,,
2023/3/22,3974,33958,3.21K,8.39M,$204.12M,$2.23M,$3.80M,$6.02M,,,
2023/3/23,4212,42687,3.21K,8.39M,$226.37M,$4.72M,$6.36M,$11.08M,,,
2023/3/24,4029,35515,3.21K,8.39M,$183.57M,$4.64M,$4.74M,$9.38M,,,
2023/3/25,2839,23561,3.21K,8.38M,$174.69M,$1.71M,$2.66M,$4.37M,,,
2023/3/26,2637,21106,3.21K,8.37M,$173.87M,$0.95M,$2.59M,$3.54M,,,
2023/3/27,4231,25745,3.21K,8.36M,$152.40M,$1.49M,$2.64M,$4.14M,,,
2023/3/28,3388,42385,3.21K,8.35M,$175.86M,$1.89M,$2.56M,$4.45M,,,
2023/3/29,4396,52009,3.21K,8.33M,$168.37M,$2.91M,$3.20M,$6.11M,,,
2023/3/30,2565,22342,3.21K,8.32M,$177.83M,$0.92M,$2.51M,$3.43M,,,
2023/3/31,2454,21709,3.22K,8.32M,$181.34M,$1.06M,$2.60M,$3.66M,,,
2023/4/1,2432,19046,3.22K,8.31M,$161.54M,$1.07M,$2.50M,$3.56M,,,
2023/4/2,2635,21889,3.22K,8.31M,$164.86M,$1.27M,$2.63M,$3.90M,,,
2023/4/3,2299,17244,3.22K,8.31M,$157.65M,$0.87M,$2.29M,$3.15M,,,
2023/4/4,1995,16437,3.22K,8.31M,$174.17M,$0.71M,$2.82M,$3.53M,,,
2023/4/5,2279,17799,3.23K,8.31M,$173.86M,$1.49M,$3.23M,$4.72M,,,
2023/4/6,2633,17356,3.23K,8.30M,$177.10M,$0.51M,$2.68M,$3.19M,,,
2023/4/7,2606,15563,3.23K,8.29M,$170.53M,$0.51M,$2.53M,$3.03M,,,
2023/4/8,2302,15094,3.23K,8.29M,$180.40M,$1.01M,$2.86M,$3.88M,,,
2023/4/9,2209,13809,3.23K,8.28M,$174.33M,$0.96M,$3.31M,$4.27M,,,
2023/4/10,2047,11510,3.23K,8.28M,$172.71M,$0.72M,$3.61M,$4.33M,,,
2023/4/11,2192,13781,3.23K,8.27M,$169.41M,$0.77M,$3.51M,$4.29M,,,
2023/4/12,1955,13114,3.23K,8.27M,$178.68M,$0.48M,$3.76M,$4.24M,,,
2023/4/13,2105,15268,3.23K,8.27M,$177.12M,$0.59M,$3.49M,$4.08M,,,
2023/4/14,8201,30223,3.23K,8.23M,$182.67M,$0.98M,$3.14M,$4.11M,,,
2023/4/15,2041,12533,3.23K,8.22M,$175.31M,$0.29M,$3.41M,$3.70M,,,
2023/4/16,1793,12395,3.23K,8.22M,$170.77M,$0.34M,$2.80M,$3.14M,,,
2023/4/17,1862,12999,3.23K,8.21M,$165.44M,$0.41M,$2.79M,$3.20M,,,
2023/4/18,2215,15253,3.23K,8.21M,$169.50M,$0.55M,$2.84M,$3.39M,,,
2023/4/19,1980,17026,3.24K,8.20M,$155.33M,$0.72M,$2.79M,$3.52M,,,
2023/4/20,1877,19792,3.24K,8.20M,$143.10M,$0.88M,$3.40M,$4.28M,,,
2023/4/21,2385,19847,3.24K,8.20M,$144.01M,$1.00M,$2.60M,$3.60M,,,
2023/4/22,1870,17546,3.24K,8.19M,$152.45M,$0.54M,$2.91M,$3.44M,,,
2023/4/23,1657,12775,3.24K,8.19M,$149.65M,$0.36M,$2.96M,$3.32M,,,
2023/4/24,1763,12909,3.24K,8.20M,$149.18M,$0.51M,$2.84M,$3.34M,,,
2023/4/25,1721,12137,3.24K,8.19M,$152.08M,$0.40M,$2.43M,$2.83M,,,
2023/4/26,1798,14240,3.24K,8.19M,$150.41M,$1.02M,$2.60M,$3.63M,,,
2023/4/27,1814,12969,3.24K,8.19M,$153.44M,$0.45M,$2.52M,$2.96M,,,
2023/4/28,1667,12062,3.24K,8.18M,$151.06M,$0.54M,$2.47M,$3.00M,,,
2023/4/29,1641,11573,3.24K,8.18M,$153.96M,$0.33M,$2.54M,$2.87M,,,
2023/4/30,1741,13208,3.24K,8.17M,$153.34M,$0.34M,$2.30M,$2.65M,,,
2023/5/1,1708,11647,3.24K,8.17M,$149.89M,$0.35M,$2.54M,$2.88M,,,
2023/5/2,1933,12916,3.24K,8.17M,$152.65M,$0.29M,$2.18M,$2.47M,,,
2023/5/3,1704,13396,3.24K,8.17M,$153.79M,$0.45M,$2.66M,$3.11M,,,
2023/5/4,1803,13711,3.24K,8.16M,$151.74M,$0.31M,$2.81M,$3.13M,,,
2023/5/5,1689,14835,3.25K,8.16M,$151.22M,$0.39M,$2.77M,$3.16M,,,
2023/5/6,1919,14356,3.25K,8.16M,$153.04M,$0.34M,$3.07M,$3.41M,,,
2023/5/7,2001,15138,3.25K,8.15M,$146.83M,$0.23M,$2.73M,$2.96M,,,
2023/5/8,2513,18387,3.25K,8.15M,$136.72M,$0.73M,$3.26M,$3.99M,,,
2023/5/9,1917,13389,3.26K,8.15M,$143.25M,$0.34M,$2.93M,$3.27M,,,
2023/5/10,1817,12560,3.26K,8.15M,$148.62M,$0.41M,$2.02M,$2.44M,,,
2023/5/11,1678,12946,3.20K,8.14M,$133.24M,$0.42M,$2.81M,$3.23M,,,
2023/5/12,1642,13916,3.20K,8.14M,$134.80M,$0.29M,$2.89M,$3.19M,,,
2023/5/13,1489,12087,3.20K,8.14M,$131.75M,$0.15M,$2.29M,$2.44M,,,
2023/5/14,1469,10565,3.20K,8.14M,$130.92M,$0.11M,$2.21M,$2.32M,,,
2023/5/15,1978,13641,3.20K,8.14M,$130.86M,$0.24M,$2.77M,$3.01M,,,
2023/5/16,2663,18156,3.20K,8.13M,$130.38M,$0.53M,$3.13M,$3.66M,,,
2023/5/17,3849,19954,3.20K,8.13M,$130.71M,$0.54M,$3.21M,$3.75M,,,
2023/5/18,2533,18006,3.20K,8.12M,$134.85M,$0.51M,$2.70M,$3.21M,,,
2023/5/19,2468,18167,3.20K,8.11M,$136.88M,$0.57M,$2.70M,$3.27M,,,
2023/5/20,1846,13710,3.20K,8.11M,$145.58M,$0.36M,$2.55M,$2.91M,,,
2023/5/21,1919,14595,3.20K,8.11M,$142.72M,$0.22M,$2.33M,$2.54M,,,
2023/5/22,2049,15890,3.21K,8.10M,$144.11M,$0.41M,$2.36M,$2.77M,,,
2023/5/23,2255,15043,3.21K,8.10M,$138.69M,$0.32M,$2.58M,$2.90M,,,
2023/5/24,2320,15943,3.21K,8.09M,$136.53M,$0.30M,$2.49M,$2.79M,,,
2023/5/25,1755,15920,3.21K,8.09M,$134.61M,$0.41M,$2.44M,$2.84M,,,
2023/5/26,1959,16098,3.21K,8.09M,$134.25M,$0.35M,$2.35M,$2.70M,,,
2023/5/27,1845,16876,3.21K,8.09M,$134.94M,$0.44M,$2.60M,$3.04M,,,
2023/5/28,1780,14528,3.21K,8.09M,$129.92M,$0.78M,$2.23M,$3.01M,,,
2023/5/29,2095,14626,3.21K,8.09M,$131.54M,$0.43M,$2.43M,$2.86M,,,
2023/5/30,2224,18819,3.22K,8.08M,$139.97M,$0.64M,$2.59M,$3.23M,,,
2023/5/31,1919,14663,3.22K,8.07M,$137.49M,$0.50M,$2.60M,$3.10M,,,
2023/6/1,1872,12922,3.23K,8.07M,$137.30M,$0.50M,$2.61M,$3.10M,,,
2023/6/2,2092,14607,3.23K,8.06M,$141.03M,$0.39M,$2.29M,$2.68M,,,
2023/6/3,2280,16632,3.23K,8.06M,$141.83M,$0.76M,$2.34M,$3.10M,,,
2023/6/4,2101,15029,3.23K,8.06M,$138.93M,$0.89M,$2.11M,$2.99M,,,
2023/6/5,2002,15545,3.23K,8.04M,$132.23M,$1.09M,$2.35M,$3.44M,,,
2023/6/6,1708,14680,3.23K,8.04M,$121.42M,$0.43M,$2.79M,$3.22M,,,
2023/6/7,1764,12895,3.24K,8.04M,$117.79M,$0.40M,$2.51M,$2.91M,,,
2023/6/8,1779,13451,3.24K,8.03M,$133.46M,$0.50M,$2.36M,$2.86M,,,
2023/6/9,2039,14684,3.24K,8.03M,$132.99M,$0.52M,$2.31M,$2.83M,,,
2023/6/10,1914,17882,3.24K,8.03M,$122.55M,$1.05M,$2.33M,$3.38M,,,
2023/6/11,1633,12851,3.24K,8.02M,$131.35M,$0.47M,$2.19M,$2.66M,,,
2023/6/12,1803,16205,3.24K,8.02M,$123.83M,$0.32M,$2.55M,$2.87M,,,
2023/6/13,2325,20263,3.24K,8.01M,$127.79M,$1.22M,$2.67M,$3.88M,,,
2023/6/14,1673,16000,3.25K,8.01M,$124.06M,$1.97M,$2.94M,$4.92M,,,
2023/6/15,1706,12450,3.25K,8.01M,$125.08M,$0.47M,$3.02M,$3.49M,,,
2023/6/16,1738,13083,3.25K,8.01M,$125.39M,$0.49M,$2.51M,$2.99M,,,
2023/6/17,1708,12355,3.25K,8.00M,$125.77M,$0.56M,$2.37M,$2.93M,,,
2023/6/18,1564,11649,3.26K,8.00M,$130.77M,$0.33M,$2.19M,$2.51M,,,
2023/6/19,1978,12465,3.26K,8.00M,$131.45M,$0.47M,$2.32M,$2.79M,,,
2023/6/20,1562,12135,3.26K,8.00M,$131.80M,$0.39M,$2.45M,$2.84M,,,
2023/6/21,2157,16512,3.26K,7.99M,$126.67M,$0.69M,$2.53M,$3.22M,,,
2023/6/22,1788,14460,3.26K,7.99M,$138.17M,$0.47M,$2.56M,$3.02M,,,
2023/6/23,1998,13807,3.26K,7.99M,$127.08M,$0.51M,$2.50M,$3.01M,,,
2023/6/24,1366,11097,3.26K,7.99M,$130.08M,$0.45M,$2.30M,$2.76M,,,
2023/6/25,1505,11701,3.26K,7.98M,$133.81M,$0.31M,$2.50M,$2.82M,,,
2023/6/26,1443,15901,3.26K,7.98M,$135.40M,$0.58M,$2.58M,$3.15M,,,
2023/6/27,1493,11543,3.26K,7.98M,$134.30M,$0.49M,$2.13M,$2.62M,,,
2023/6/28,1524,13184,3.26K,7.97M,$138.36M,$0.77M,$2.38M,$3.15M,,,
2023/6/29,1515,12363,3.26K,7.97M,$123.99M,$0.61M,$2.68M,$3.29M,,,
2023/6/30,2019,15516,3.26K,7.97M,$133.69M,$0.67M,$2.94M,$3.61M,,,
2023/7/1,1543,10353,3.26K,7.95M,$138.66M,$0.31M,$2.59M,$2.90M,,,
2023/7/2,1714,13174,3.27K,7.95M,$131.94M,$0.37M,$2.50M,$2.88M,,,
2023/7/3,1862,17631,3.27K,7.95M,$137.26M,$0.77M,$3.07M,$3.84M,,,
2023/7/4,1513,10358,3.27K,7.94M,$138.02M,$0.46M,$2.67M,$3.13M,,,
2023/7/5,1599,13573,3.27K,7.94M,$143.99M,$0.59M,$2.53M,$3.12M,,,
2023/7/6,1666,14229,3.27K,7.94M,$142.00M,$0.63M,$2.51M,$3.14M,,,
2023/7/7,1538,13532,3.27K,7.94M,$137.28M,$0.37M,$2.08M,$2.45M,,,
2023/7/8,1407,9959,3.27K,7.93M,$143.36M,$0.29M,$1.95M,$2.23M,,,
2023/7/9,1495,10621,3.27K,7.93M,$132.24M,$0.33M,$1.93M,$2.26M,,,
2023/7/10,1612,13855,3.27K,7.93M,$134.15M,$0.42M,$1.97M,$2.40M,,,
2023/7/11,1423,13163,3.27K,7.93M,$133.78M,$0.29M,$2.04M,$2.33M,,,
2023/7/12,1380,13179,3.27K,7.93M,$133.41M,$0.32M,$1.92M,$2.24M,,,
2023/7/13,4876,51677,3.27K,7.92M,$169.56M,$6.03M,$4.52M,$10.55M,,,
2023/7/14,3977,37810,3.27K,7.89M,$163.89M,$1.81M,$3.23M,$5.04M,,,
2023/7/15,2231,17125,3.27K,7.87M,$166.17M,$0.92M,$2.66M,$3.58M,,,
2023/7/16,2246,18816,3.27K,7.86M,$172.59M,$1.19M,$2.31M,$3.50M,,,
2023/7/17,1983,18160,3.28K,7.85M,$168.52M,$0.74M,$2.56M,$3.30M,,,
2023/7/18,2039,15708,3.28K,7.85M,$171.20M,$1.21M,$2.51M,$3.72M,,,
2023/7/19,2745,25462,3.28K,7.83M,$180.90M,$2.24M,$3.35M,$5.59M,,,
2023/7/20,2444,21684,3.28K,7.82M,$176.26M,$1.08M,$3.14M,$4.22M,,,
2023/7/21,2423,19237,3.28K,7.81M,$187.78M,$0.76M,$3.38M,$4.14M,,,
2023/7/22,1833,15984,3.28K,7.81M,$179.12M,$0.73M,$3.26M,$3.99M,,,
2023/7/23,2727,17850,3.29K,7.80M,$166.56M,$0.74M,$3.57M,$4.31M,,,
2023/7/24,1942,15219,3.29K,7.80M,$157.44M,$0.88M,$3.00M,$3.88M,,,
2023/7/25,1635,14753,3.29K,7.79M,$166.54M,$0.78M,$3.17M,$3.94M,,,
2023/7/26,1608,17399,3.30K,7.79M,$174.61M,$0.49M,$3.11M,$3.60M,,,
2023/7/27,1874,18226,3.30K,7.79M,$157.03M,$0.84M,$3.73M,$4.56M,,,
2023/7/28,1509,12860,3.30K,7.78M,$167.46M,$0.55M,$3.52M,$4.07M,,,
2023/7/29,1575,12244,3.30K,7.78M,$161.06M,$0.43M,$3.36M,$3.79M,,,
2023/7/30,1711,16366,3.30K,7.78M,$160.65M,$0.59M,$3.73M,$4.32M,,,
2023/7/31,1558,20478,3.30K,7.77M,$162.88M,$0.43M,$3.32M,$3.75M,,,
2023/8/1,1799,21427,3.30K,7.77M,$163.82M,$0.65M,$3.42M,$4.07M,,,
2023/8/2,2262,23664,3.30K,7.77M,$154.44M,$0.81M,$3.56M,$4.36M,,,
2023/8/3,1762,23921,3.31K,7.76M,$154.78M,$1.03M,$3.39M,$4.42M,,,
2023/8/4,1824,24194,3.31K,7.76M,$149.98M,$1.53M,$3.23M,$4.77M,,,
2023/8/5,1693,21466,3.31K,7.76M,$150.39M,$0.99M,$2.78M,$3.76M,,,
2023/8/6,1467,20118,3.31K,7.76M,$147.96M,$0.70M,$3.12M,$3.82M,,,
2023/8/7,1546,31080,3.31K,7.75M,$147.43M,$9.09M,$3.18M,$12.27M,,,
2023/8/8,1572,59927,3.31K,7.75M,$149.19M,$30.60M,$3.50M,$34.10M,,,
2023/8/9,1474,35772,3.31K,7.74M,$156.64M,$13.67M,$3.40M,$17.07M,,,
2023/8/10,1495,45055,3.31K,7.74M,$151.44M,$18.79M,$3.55M,$22.34M,,,
2023/8/11,1651,18079,3.31K,7.74M,$150.14M,$0.30M,$3.45M,$3.74M,,,
2023/8/12,1439,46635,3.31K,7.74M,$140.16M,$20.30M,$3.09M,$23.38M,,,
2023/8/13,1520,66021,3.31K,7.73M,$146.15M,$33.55M,$3.08M,$36.63M,,,
2023/8/14,1394,59578,3.31K,7.73M,$140.13M,$29.57M,$3.38M,$32.95M,,,
2023/8/15,1493,48525,3.31K,7.72M,$136.70M,$20.42M,$3.02M,$23.45M,,,
2023/8/16,1396,48023,3.31K,7.72M,$140.91M,$19.30M,$2.94M,$22.25M,,,
2023/8/17,1730,31928,3.31K,7.72M,$120.68M,$1.15M,$3.29M,$4.44M,,,
2023/8/18,1686,28978,3.31K,7.71M,$128.92M,$0.52M,$2.85M,$3.37M,,,
2023/8/19,1679,22011,3.31K,7.71M,$120.96M,$0.41M,$2.84M,$3.25M,,,
2023/8/20,1382,22774,3.31K,7.71M,$119.55M,$0.39M,$2.50M,$2.89M,,,
2023/8/21,1286,17542,3.31K,7.70M,$117.10M,$0.37M,$2.30M,$2.66M,,,
2023/8/22,1562,19498,3.31K,7.70M,$114.35M,$0.31M,$2.20M,$2.51M,,,
2023/8/23,1513,22721,3.31K,7.69M,$115.95M,$0.42M,$2.06M,$2.48M,,,
2023/8/24,1309,22347,3.31K,7.69M,$114.30M,$0.30M,$2.19M,$2.49M,,,
2023/8/25,1271,21881,3.31K,7.69M,$115.18M,$0.29M,$2.01M,$2.31M,,,
2023/8/26,1346,20353,3.31K,7.69M,$113.85M,$0.32M,$2.12M,$2.44M,,,
2023/8/27,1417,21903,3.31K,7.68M,$115.15M,$0.22M,$1.87M,$2.08M,,,
2023/8/28,1601,20699,3.31K,7.68M,$111.43M,$0.33M,$2.72M,$3.05M,,,
2023/8/29,1564,21866,3.31K,7.67M,$121.22M,$0.28M,$2.28M,$2.57M,,,
2023/8/30,1615,19887,3.31K,7.67M,$117.38M,$0.28M,$2.11M,$2.39M,,,
2023/8/31,1656,22592,3.31K,7.66M,$114.05M,$0.28M,$1.86M,$2.14M,,,
2023/9/1,1614,20149,3.32K,7.66M,$114.04M,$0.29M,$1.70M,$1.99M,,,
2023/9/2,1271,16589,3.32K,7.66M,$115.46M,$0.29M,$1.55M,$1.84M,,,
2023/9/3,1220,16707,3.32K,7.65M,$114.47M,$0.18M,$1.72M,$1.90M,,,
2023/9/4,1209,18068,3.32K,7.65M,$118.52M,$0.23M,$1.56M,$1.80M,,,
2023/9/5,1374,20943,3.32K,7.65M,$118.73M,$0.31M,$1.66M,$1.97M,,,
2023/9/6,1314,18551,3.32K,7.65M,$118.86M,$0.23M,$1.69M,$1.93M,,,
2023/9/7,1180,21147,3.32K,7.65M,$110.22M,$0.28M,$1.63M,$1.91M,,,
2023/9/8,1293,15746,3.32K,7.64M,$108.50M,$0.44M,$1.63M,$2.07M,,,
2023/9/9,1200,18343,3.32K,7.64M,$130.14M,$0.19M,$1.67M,$1.86M,,,
2023/9/10,1253,18239,3.32K,7.64M,$124.01M,$0.18M,$1.59M,$1.78M,,,
2023/9/11,1391,19849,3.32K,7.64M,$118.88M,$0.22M,$1.81M,$2.03M,,,
2023/9/12,1596,22048,3.32K,7.64M,$120.99M,$0.15M,$2.22M,$2.37M,,,
2023/9/13,1245,21667,3.32K,7.64M,$119.19M,$0.19M,$2.07M,$2.27M,,,
2023/9/14,1306,28299,3.32K,7.64M,$119.59M,$0.33M,$2.20M,$2.53M,,,
2023/9/15,1325,15682,3.32K,7.64M,$118.03M,$0.26M,$2.34M,$2.60M,,,
2023/9/16,1206,18118,3.33K,7.63M,$107.10M,$0.18M,$2.22M,$2.41M,,,
2023/9/17,1382,22665,3.33K,7.63M,$118.79M,$0.17M,$2.15M,$2.32M,,,
2023/9/18,1321,20443,3.33K,7.63M,$112.10M,$0.27M,$2.63M,$2.90M,,,
2023/9/19,1291,17032,3.33K,7.63M,$111.35M,$0.31M,$3.64M,$3.95M,,,
2023/9/20,1673,21286,3.33K,7.63M,$113.01M,$0.59M,$2.68M,$3.27M,,,
2023/9/21,2413,23277,3.33K,7.62M,$112.48M,$0.18M,$2.67M,$2.85M,,,
2023/9/22,1171,14581,3.33K,7.62M,$116.15M,$0.24M,$2.55M,$2.79M,,,
2023/9/23,1184,13613,3.33K,7.62M,$113.17M,$0.20M,$2.46M,$2.66M,,,
2023/9/24,1218,15213,3.33K,7.62M,$115.42M,$0.18M,$2.36M,$2.54M,,,
2023/9/25,1190,11606,3.33K,7.62M,$109.70M,$0.17M,$2.72M,$2.89M,,,
2023/9/26,1125,9544,3.33K,7.62M,$106.59M,$0.23M,$2.35M,$2.59M,,,
2023/9/27,2683,15530,3.33K,7.61M,$105.63M,$0.21M,$2.25M,$2.46M,,,
2023/9/28,1340,13290,3.33K,7.61M,$107.24M,$0.19M,$2.34M,$2.53M,,,
2023/9/29,1357,16318,3.33K,7.61M,$107.24M,$0.71M,$2.46M,$3.16M,,,
2023/9/30,1093,12645,3.33K,7.61M,$112.60M,$0.24M,$2.14M,$2.37M,,,
2023/10/1,1120,13743,3.33K,7.61M,$114.48M,$0.18M,$2.32M,$2.50M,,,
2023/10/2,1120,12839,3.33K,7.60M,$107.47M,$0.27M,$2.56M,$2.83M,,,
2023/10/3,1258,14184,3.33K,7.60M,$111.84M,$0.46M,$2.44M,$2.90M,,,
2023/10/4,1245,15101,3.33K,7.60M,$113.61M,$0.37M,$2.31M,$2.67M,,,
2023/10/5,1060,10535,3.33K,7.60M,$113.10M,$0.14M,$2.33M,$2.46M,,,
2023/10/6,1077,8840,3.33K,7.60M,$112.09M,$0.12M,$2.42M,$2.55M,,,
2023/10/7,1072,8808,3.33K,7.60M,$110.44M,$0.20M,$2.21M,$2.41M,,,
2023/10/8,1146,8437,3.33K,7.59M,$108.57M,$0.15M,$2.58M,$2.74M,,,
2023/10/9,1160,9147,3.33K,7.59M,$108.88M,$0.32M,$2.58M,$2.90M,,,
2023/10/10,1061,8977,3.34K,7.59M,$107.78M,$0.17M,$2.67M,$2.84M,,,
2023/10/11,1119,14230,3.34K,7.59M,$104.39M,$0.24M,$2.55M,$2.78M,,,
2023/10/12,1124,15898,3.34K,7.59M,$102.28M,$0.25M,$2.66M,$2.92M,,,
2023/10/13,1371,12944,3.34K,7.59M,$102.11M,$0.15M,$2.62M,$2.78M,,,
2023/10/14,977,11107,3.34K,7.59M,$111.42M,$0.13M,$2.70M,$2.83M,,,
2023/10/15,993,10711,3.34K,7.58M,$113.31M,$0.18M,$2.57M,$2.74M,,,
2023/10/16,1092,11733,3.34K,7.58M,$106.88M,$0.25M,$3.01M,$3.26M,,,
2023/10/17,1032,14903,3.34K,7.58M,$102.84M,$0.24M,$2.74M,$2.98M,,,
2023/10/18,1041,15249,3.34K,7.58M,$98.73M,$0.15M,$2.49M,$2.65M,,,
2023/10/19,1208,18766,3.34K,7.58M,$101.49M,$0.40M,$2.46M,$2.86M,,,
2023/10/20,1268,17638,3.34K,7.58M,$111.65M,$0.32M,$2.59M,$2.92M,,,
2023/10/21,1264,18500,3.34K,7.58M,$106.05M,$0.23M,$2.49M,$2.72M,,,
2023/10/22,1128,17194,3.34K,7.58M,$110.73M,$0.20M,$2.59M,$2.79M,,,
2023/10/23,1427,20756,3.34K,7.57M,$129.84M,$0.64M,$2.97M,$3.60M,,,
2023/10/24,1855,21984,3.34K,7.57M,$124.74M,$0.97M,$3.25M,$4.22M,,,
2023/10/25,1315,13724,3.34K,7.57M,$120.31M,$0.42M,$3.35M,$3.77M,,,
2023/10/26,1261,13930,3.34K,7.56M,$111.12M,$0.20M,$3.31M,$3.51M,,,
2023/10/27,1362,12222,3.34K,7.56M,$108.03M,$0.26M,$2.88M,$3.14M,,,
2023/10/28,1168,10821,3.34K,7.56M,$113.25M,$0.16M,$2.68M,$2.84M,,,
2023/10/29,1254,13020,3.34K,7.56M,$120.32M,$0.29M,$2.69M,$2.98M,,,
2023/10/30,1438,13323,3.34K,7.55M,$107.33M,$0.29M,$3.08M,$3.37M,,,
2023/10/31,1601,15956,3.34K,7.55M,$108.18M,$0.53M,$3.25M,$3.78M,,,
2023/11/1,1502,14072,3.34K,7.55M,$110.85M,$0.60M,$3.70M,$4.30M,,,
2023/11/2,2124,17820,3.34K,7.54M,$114.12M,$0.61M,$3.11M,$3.71M,,,
2023/11/3,2074,18325,3.35K,7.54M,$121.77M,$0.82M,$3.48M,$4.30M,,,
2023/11/4,1801,16457,3.35K,7.54M,$126.55M,$0.55M,$3.08M,$3.63M,,,
2023/11/5,1870,18702,3.35K,7.53M,$131.66M,$0.71M,$3.01M,$3.72M,,,
2023/11/6,2329,20938,3.35K,7.52M,$135.75M,$1.00M,$3.60M,$4.60M,,,
2023/11/7,1784,22027,3.35K,7.52M,$130.38M,$0.94M,$3.79M,$4.72M,,,
2023/11/8,1786,20930,3.35K,7.52M,$138.04M,$0.67M,$3.45M,$4.12M,,,
2023/11/9,2208,26034,3.35K,7.51M,$135.51M,$0.72M,$3.99M,$4.71M,,,
2023/11/10,1646,21433,3.35K,7.51M,$123.22M,$0.42M,$4.49M,$4.91M,,,
2023/11/11,1540,17098,3.35K,7.51M,$124.54M,$0.38M,$3.17M,$3.56M,,,
2023/11/12,1694,14643,3.35K,7.50M,$124.53M,$0.33M,$2.92M,$3.25M,,,
2023/11/13,1825,22920,3.35K,7.50M,$128.69M,$0.89M,$4.45M,$5.34M,,,
2023/11/14,1622,23296,3.35K,7.49M,$123.20M,$0.62M,$4.83M,$5.45M,,,
2023/11/15,1391,14732,3.35K,7.49M,$128.41M,$0.31M,$3.40M,$3.71M,,,
2023/11/16,1458,13418,3.35K,7.49M,$125.76M,$0.31M,$3.60M,$3.91M,,,
2023/11/17,1379,12307,3.35K,7.49M,$122.30M,$0.51M,$5.08M,$5.59M,,,
2023/11/18,1346,10726,3.35K,7.49M,$124.81M,$0.27M,$3.36M,$3.63M,,,
2023/11/19,1230,8980,3.35K,7.48M,$121.72M,$0.29M,$3.30M,$3.59M,,,
2023/11/20,1376,10140,3.35K,7.48M,$105.27M,$0.31M,$5.40M,$5.70M,,,
2023/11/21,1420,12165,3.35K,7.48M,$114.21M,$0.38M,$3.52M,$3.90M,,,
2023/11/22,1336,10481,3.36K,7.48M,$108.14M,$0.25M,$6.07M,$6.32M,,,
2023/11/23,1259,11979,3.36K,7.48M,$117.90M,$0.25M,$6.59M,$6.84M,,,
2023/11/24,1243,10609,3.36K,7.47M,$124.24M,$0.21M,$6.37M,$6.57M,,,
2023/11/25,1325,10656,3.36K,7.47M,$131.09M,$0.24M,$3.48M,$3.72M,,,
2023/11/26,1370,11354,3.36K,7.47M,$126.45M,$0.37M,$3.50M,$3.87M,,,
2023/11/27,1402,10562,3.36K,7.47M,$121.21M,$0.39M,$6.57M,$6.97M,,,
2023/11/28,1362,11897,3.36K,7.46M,$112.07M,$0.32M,$6.47M,$6.79M,,,
2023/11/29,1448,11633,3.36K,7.46M,$121.60M,$0.42M,$5.35M,$5.76M,,,
2023/11/30,1655,13658,3.36K,7.46M,$119.67M,$0.75M,$6.17M,$6.92M,,,
2023/12/1,1722,12877,3.36K,7.46M,$128.78M,$0.44M,$5.88M,$6.32M,,,
2023/12/2,1879,14475,3.36K,7.46M,$133.59M,$0.98M,$3.78M,$4.76M,,,
2023/12/3,1888,15406,3.36K,7.45M,$129.16M,$0.61M,$3.90M,$4.50M,,,
2023/12/4,2511,23146,3.36K,7.45M,$134.18M,$1.06M,$5.68M,$6.74M,,,
2023/12/5,2145,22676,3.36K,7.45M,$139.09M,$0.79M,$5.86M,$6.65M,,,
2023/12/6,2241,19937,3.36K,7.45M,$141.92M,$0.77M,$5.61M,$6.38M,,,
2023/12/7,2296,21620,3.36K,7.44M,$145.75M,$0.75M,$3.67M,$4.43M,,,
2023/12/8,2201,20961,3.49K,7.46M,$152.74M,$0.92M,$5.73M,$6.64M,,,
2023/12/9,2221,21825,3.49K,7.46M,$146.97M,$1.03M,$5.39M,$6.42M,,,
2023/12/10,1870,17176,3.49K,7.45M,$167.55M,$0.52M,$3.61M,$4.14M,,,
2023/12/11,1970,19548,3.49K,7.45M,$134.64M,$1.12M,$6.83M,$7.95M,,,
2023/12/12,2190,19829,3.49K,7.45M,$143.22M,$0.77M,$3.64M,$4.41M,,,
2023/12/13,1945,16948,3.49K,7.44M,$144.17M,$0.85M,$3.92M,$4.77M,,,
2023/12/14,1828,16804,3.49K,7.44M,$146.15M,$0.66M,$5.58M,$6.24M,,,
2023/12/15,2054,22405,3.50K,7.44M,$145.29M,$1.07M,$5.49M,$6.57M,,,
2023/12/16,1786,17136,3.50K,7.44M,$151.24M,$0.82M,$3.81M,$4.63M,,,
2023/12/17,2343,24639,3.50K,7.44M,$163.66M,$1.49M,$6.60M,$8.09M,,,
2023/12/18,2343,22679,3.50K,7.43M,$163.55M,$1.34M,$5.87M,$7.21M,,,
2023/12/19,2408,22724,3.50K,7.43M,$185.47M,$1.08M,$4.85M,$5.93M,,,
2023/12/20,2524,28052,3.50K,7.43M,$164.21M,$1.12M,$5.14M,$6.26M,,,
2023/12/21,2185,17687,3.50K,7.43M,$170.51M,$0.88M,$4.64M,$5.52M,,,
2023/12/22,2143,16268,3.50K,7.43M,$164.86M,$0.74M,$4.19M,$4.94M,,,
2023/12/23,1975,17747,3.50K,7.42M,$172.16M,$0.85M,$3.87M,$4.71M,,,
2023/12/24,1838,14250,3.51K,7.42M,$168.13M,$1.06M,$4.21M,$5.27M,,,
2023/12/25,1715,13552,3.51K,7.42M,$177.25M,$1.07M,$4.95M,$6.01M,,,
2023/12/26,1844,17364,3.51K,7.42M,$161.50M,$0.92M,$5.19M,$6.12M,,,
2023/12/27,1683,12635,3.51K,7.41M,$188.02M,$0.43M,$4.10M,$4.54M,,,
2023/12/28,1801,16734,3.51K,7.41M,$169.83M,$0.99M,$5.57M,$6.56M,,,
2023/12/29,1752,14921,3.51K,7.41M,$169.69M,$0.80M,$6.01M,$6.80M,,,
2023/12/30,3559,20445,3.51K,7.41M,$170.65M,$0.63M,$4.74M,$5.37M,,,
2023/12/31,2679,16499,3.51K,7.41M,$166.06M,$0.69M,$4.44M,$5.13M,,,
2024/1/1,2995,18455,3.52K,7.41M,$168.52M,$0.92M,$5.10M,$6.02M,,,
2024/1/2,2690,17615,3.52K,7.42M,$165.61M,$0.72M,$4.15M,$4.87M,,,
2024/1/3,2373,21832,3.52K,7.41M,$155.00M,$1.62M,$4.56M,$6.18M,,,
2024/1/4,2245,17020,3.52K,7.41M,$157.15M,$0.66M,$4.53M,$5.19M,,,
2024/1/5,2117,17257,3.52K,7.41M,$159.79M,$0.72M,$4.74M,$5.46M,,,
2024/1/6,2916,19328,3.52K,7.41M,$158.73M,$0.47M,$4.57M,$5.04M,,,
2024/1/7,2038,15490,3.52K,7.41M,$149.72M,$0.61M,$4.68M,$5.28M,,,
2024/1/8,2022,17335,3.53K,7.41M,$157.40M,$1.04M,$3.08M,$4.11M,,,
2024/1/9,1888,14187,3.53K,7.41M,$158.92M,$0.53M,$5.05M,$5.59M,,,
2024/1/10,1900,15173,3.53K,7.41M,$148.67M,$0.98M,$5.27M,$6.25M,,,
2024/1/11,2046,16359,3.53K,7.41M,$160.62M,$0.71M,$5.61M,$6.32M,,,
2024/1/12,1887,18557,3.53K,7.41M,$151.83M,$1.20M,$4.46M,$5.66M,,,
2024/1/13,1921,13973,3.53K,7.41M,$160.45M,$0.60M,$2.44M,$3.04M,,,
2024/1/14,1920,15694,3.53K,7.41M,$161.07M,$0.68M,$2.58M,$3.26M,,,
2024/1/15,2327,18254,3.53K,7.41M,$157.20M,$0.76M,$4.77M,$5.53M,,,
2024/1/16,1903,15137,3.53K,7.41M,$156.44M,$0.64M,$4.55M,$5.19M,,,
2024/1/17,1927,15890,3.53K,7.41M,$162.42M,$0.82M,$4.46M,$5.28M,,,
2024/1/18,2060,16102,3.53K,7.41M,$152.70M,$0.74M,$3.63M,$4.36M,,,
2024/1/19,2277,22648,3.53K,7.41M,$146.49M,$1.15M,$4.95M,$6.09M,,,
2024/1/20,2372,19188,3.54K,7.42M,$146.43M,$0.43M,$3.73M,$4.16M,,,
2024/1/21,2313,14534,3.54K,7.42M,$144.23M,$0.52M,$3.47M,$3.99M,,,
2024/1/22,1933,17896,3.54K,7.42M,$135.21M,$0.66M,$3.83M,$4.48M,,,
2024/1/23,1987,16055,3.54K,7.42M,$141.43M,$0.89M,$4.24M,$5.13M,,,
2024/1/24,2330,14918,3.54K,7.42M,$139.04M,$0.51M,$2.64M,$3.15M,,,
2024/1/25,2205,17608,3.54K,7.42M,$138.83M,$0.49M,$2.15M,$2.64M,,,
2024/1/26,1919,14079,3.54K,7.42M,$143.21M,$0.51M,$2.42M,$2.94M,,,
2024/1/27,2639,16761,3.54K,7.42M,$143.84M,$0.62M,$2.24M,$2.86M,,,
2024/1/28,2445,15729,3.54K,7.41M,$139.69M,$0.68M,$2.30M,$2.98M,,,
2024/1/29,2278,14664,3.54K,7.41M,$144.08M,$0.65M,$2.34M,$2.99M,,,
2024/1/30,1990,16639,3.54K,7.41M,$137.31M,$1.13M,$2.41M,$3.53M,,,
2024/1/31,2539,19492,3.54K,7.41M,$131.69M,$1.22M,$3.47M,$4.70M,,,
2024/2/1,2264,13175,3.54K,7.41M,$122.69M,$0.64M,$4.61M,$5.26M,,,
2024/2/2,2159,15120,3.54K,7.40M,$138.70M,$0.74M,$5.09M,$5.83M,,,
2024/2/3,2160,12868,3.55K,7.40M,$141.91M,$0.46M,$4.93M,$5.38M,,,
2024/2/4,2407,16709,3.55K,7.40M,$141.84M,$0.68M,$5.41M,$6.08M,,,
2024/2/5,2150,17339,3.55K,7.40M,$139.52M,$0.48M,$6.38M,$6.86M,,,
2024/2/6,2135,14819,3.55K,7.39M,$138.96M,$0.52M,$6.00M,$6.52M,,,
2024/2/7,1958,14434,3.55K,7.39M,$137.48M,$0.66M,$5.63M,$6.29M,,,
2024/2/8,1727,13520,3.55K,7.39M,$125.82M,$0.44M,$6.01M,$6.44M,,,
2024/2/9,1626,12276,3.55K,7.39M,$140.98M,$0.53M,$6.09M,$6.63M,,,
2024/2/10,2062,12902,3.55K,7.39M,$147.35M,$0.49M,$6.58M,$7.07M,,,
2024/2/11,1933,12798,3.55K,7.39M,$144.94M,$0.43M,$6.73M,$7.16M,,,
2024/2/12,1761,13095,3.55K,7.39M,$144.80M,$0.43M,$6.34M,$6.77M,,,
2024/2/13,1753,12670,3.55K,7.39M,$143.44M,$0.49M,$6.22M,$6.71M,,,
2024/2/14,2022,15025,3.56K,7.39M,$178.42M,$0.57M,$6.68M,$7.25M,,,
2024/2/15,2093,15056,3.56K,7.39M,$159.10M,$0.49M,$6.34M,$6.83M,,,
2024/2/16,2108,15830,3.56K,7.40M,$160.30M,$0.42M,$6.01M,$6.44M,,,
2024/2/17,3358,20704,3.56K,7.39M,$149.08M,$0.66M,$5.99M,$6.65M,,,
2024/2/18,8061,32257,3.56K,7.39M,$154.86M,$0.62M,$6.09M,$6.72M,,,
2024/2/19,2901,17478,3.56K,7.38M,$150.18M,$0.49M,$6.16M,$6.65M,,,
2024/2/20,2607,19361,3.56K,7.38M,$143.29M,$0.52M,$6.17M,$6.70M,,,
2024/2/21,2078,17538,3.56K,7.38M,$141.53M,$0.45M,$6.10M,$6.55M,,,
2024/2/22,2014,15902,3.56K,7.38M,$141.76M,$0.41M,$6.32M,$6.74M,,,
2024/2/23,2034,16426,3.56K,7.38M,$141.66M,$0.41M,$6.24M,$6.65M,,,
2024/2/24,2143,14610,3.56K,7.38M,$148.56M,$0.49M,$5.69M,$6.19M,,,
2024/2/25,1869,14815,3.56K,7.38M,$144.62M,$0.49M,$4.49M,$4.98M,,,
2024/2/26,1897,16805,3.56K,7.38M,$154.07M,$0.51M,$5.49M,$6.00M,,,
2024/2/27,2261,18295,3.56K,7.38M,$158.11M,$0.68M,$6.00M,$6.69M,,,
2024/2/28,2407,21031,3.57K,7.38M,$145.21M,$0.95M,$6.62M,$7.57M,,,
2024/2/29,2535,21979,3.57K,7.38M,$145.99M,$1.12M,$6.12M,$7.25M,,,
2024/3/1,2574,18967,3.57K,7.37M,$154.48M,$0.61M,$5.82M,$6.43M,,,
2024/3/2,2549,23129,3.57K,7.37M,$144.13M,$1.06M,$6.69M,$7.75M,,,
2024/3/3,2187,21548,3.58K,7.37M,$169.74M,$0.85M,$2.56M,$3.41M,,,
2024/3/4,2369,21764,3.58K,7.36M,$158.33M,$1.02M,$6.45M,$7.47M,,,
2024/3/5,2472,27193,3.58K,7.36M,$163.08M,$1.31M,$7.24M,$8.55M,,,
2024/3/6,2223,21841,3.59K,7.36M,$171.34M,$0.89M,$6.40M,$7.29M,,,
2024/3/7,3283,23064,3.59K,7.36M,$158.84M,$0.93M,$6.97M,$7.91M,,,
2024/3/8,2281,19363,3.59K,7.36M,$168.32M,$0.75M,$7.11M,$7.86M,,,
2024/3/9,2628,20524,3.59K,7.36M,$153.50M,$0.96M,$6.59M,$7.55M,,,
2024/3/10,2462,18452,3.59K,7.37M,$126.82M,$0.87M,$3.23M,$4.10M,,,
2024/3/11,3139,28846,3.59K,7.37M,$134.26M,$2.17M,$7.37M,$9.54M,,,
2024/3/12,3301,26407,3.59K,7.37M,$134.35M,$1.21M,$7.46M,$8.67M,,,
2024/3/13,4534,24695,3.59K,7.37M,$141.03M,$0.98M,$7.76M,$8.74M,,,
2024/3/14,2758,20058,3.59K,7.36M,$157.14M,$0.78M,$6.25M,$7.03M,,,
2024/3/15,4382,36180,3.59K,7.36M,$164.68M,$1.81M,$5.50M,$7.31M,,,
2024/3/16,6956,36945,3.59K,7.36M,$159.03M,$1.17M,$4.66M,$5.82M,,,
2024/3/17,5194,30279,3.60K,7.36M,$147.27M,$1.53M,$6.30M,$7.83M,,,
2024/3/18,3689,27151,3.60K,7.36M,$146.69M,$1.39M,$5.14M,$6.53M,,,
2024/3/19,3611,26009,3.60K,7.36M,$136.79M,$1.27M,$4.06M,$5.33M,,,
2024/3/20,3745,28812,3.61K,7.37M,$150.37M,$1.27M,$4.68M,$5.95M,,,
2024/3/21,4619,32445,3.61K,7.37M,$150.50M,$1.91M,$4.24M,$6.16M,,,
2024/3/22,3672,27430,3.61K,7.37M,$148.92M,$1.26M,$5.87M,$7.13M,,,
2024/3/23,3480,23635,3.62K,7.37M,$166.10M,$0.72M,$2.53M,$3.26M,,,
2024/3/24,3066,24032,3.62K,7.37M,$165.39M,$0.84M,$2.56M,$3.39M,,,
2024/3/25,2721,20793,3.63K,7.37M,$149.62M,$0.58M,$4.84M,$5.42M,,,
2024/3/26,2997,19332,3.63K,7.36M,$144.63M,$0.78M,$3.54M,$4.33M,,,
2024/3/27,2318,19366,3.63K,7.36M,$158.83M,$0.66M,$4.96M,$5.62M,,,
2024/3/28,2720,19429,3.63K,7.36M,$146.35M,$0.51M,$2.60M,$3.11M,,,
2024/3/29,2580,17384,3.63K,7.36M,$167.87M,$0.71M,$4.16M,$4.87M,,,
2024/3/30,2467,16149,3.64K,7.36M,$160.95M,$0.45M,$4.25M,$4.70M,,,
2024/3/31,2066,13353,3.64K,7.36M,$163.59M,$0.65M,$2.07M,$2.72M,,,
2024/4/1,4520,19536,3.64K,7.36M,$142.25M,$0.66M,$4.48M,$5.13M,,,
2024/4/2,3485,18685,3.64K,7.37M,$135.61M,$0.65M,$2.38M,$3.03M,,,
2024/4/3,2993,15959,3.64K,7.37M,$133.01M,$0.51M,$4.03M,$4.53M,,,
2024/4/4,2112,16823,3.64K,7.38M,$137.62M,$0.55M,$4.13M,$4.68M,,,
2024/4/5,3735,17992,3.64K,7.38M,$133.79M,$0.56M,$4.39M,$4.95M,,,
2024/4/6,4027,17387,3.65K,7.38M,$137.14M,$0.55M,$4.86M,$5.41M,,,
2024/4/7,2242,14770,3.65K,7.37M,$137.33M,$0.54M,$4.37M,$4.90M,,,
2024/4/8,2320,15411,3.64K,7.37M,$138.36M,$0.76M,$4.65M,$5.42M,,,
2024/4/9,2487,16234,3.64K,7.37M,$135.79M,$0.60M,$4.47M,$5.07M,,,
2024/4/10,3341,21099,3.65K,7.38M,$134.11M,$0.71M,$4.65M,$5.36M,,,
2024/4/11,4569,19375,3.65K,7.38M,$169.01M,$0.61M,$4.26M,$4.87M,,,
2024/4/12,3990,24367,3.66K,7.37M,$135.51M,$0.99M,$4.18M,$5.16M,,,
2024/4/13,3115,25461,3.65K,7.38M,$124.93M,$1.17M,$3.99M,$5.16M,,,
2024/4/14,2509,19246,3.65K,7.38M,$118.02M,$0.57M,$6.58M,$7.15M,,,
2024/4/15,2699,16185,3.66K,7.38M,$114.13M,$0.43M,$4.23M,$4.66M,,,
2024/4/16,2346,13447,3.66K,7.38M,$113.81M,$0.54M,$2.78M,$3.32M,,,
2024/4/17,2058,13802,3.66K,7.37M,$125.35M,$0.37M,$3.91M,$4.28M,,,
2024/4/18,2503,15401,3.66K,7.37M,$115.11M,$0.53M,$4.28M,$4.81M,,,
2024/4/19,2441,14804,3.66K,7.38M,$114.41M,$0.44M,$4.84M,$5.28M,,,
2024/4/20,2575,13470,3.66K,7.38M,$131.14M,$0.51M,$3.95M,$4.46M,,,
2024/4/21,2288,15029,3.66K,7.38M,$118.55M,$0.32M,$4.27M,$4.59M,,,
2024/4/22,2295,337512,3.67K,7.38M,$123.57M,$0.86M,$4.03M,$4.89M,,,
2024/4/23,1517,255345,3.67K,7.38M,$122.15M,$0.45M,$4.54M,$4.99M,,,
2024/4/24,1554,36842,3.67K,7.38M,$133.28M,$0.35M,$3.35M,$3.70M,,,
2024/4/25,3833,195747,3.67K,7.38M,$120.28M,$0.41M,$4.30M,$4.71M,,,
2024/4/26,2049,180462,3.67K,7.38M,$120.49M,$0.48M,$3.85M,$4.34M,,,
2024/4/27,1990,45421,3.68K,7.38M,$123.39M,$0.34M,$4.14M,$4.49M,,,
2024/4/28,2504,31307,3.68K,7.37M,$125.87M,$0.31M,$4.15M,$4.46M,,,
2024/4/29,1893,36219,3.68K,7.38M,$132.28M,$0.52M,$3.83M,$4.35M,,,
2024/4/30,2089,60371,3.68K,7.38M,$131.48M,$0.36M,$1.71M,$2.07M,,,
2024/5/1,3121,73194,3.69K,7.37M,$131.76M,$0.59M,$2.89M,$3.48M,,,
2024/5/2,4707,70369,3.69K,7.37M,$127.31M,$0.57M,$3.36M,$3.93M,,,
2024/5/3,2558,105998,3.69K,7.37M,$130.70M,$0.51M,$4.06M,$4.56M,,,
2024/5/4,2501,44037,3.69K,7.37M,$130.23M,$0.36M,$3.88M,$4.24M,,,
2024/5/5,2808,56991,3.69K,7.37M,$129.94M,$0.47M,$4.20M,$4.67M,,,
2024/5/6,3173,63566,3.70K,7.37M,$128.46M,$0.75M,$3.08M,$3.83M,,,
2024/5/7,2106,50292,3.70K,7.37M,$126.86M,$0.44M,$1.97M,$2.41M,,,
2024/5/8,3311,68722,3.70K,7.37M,$127.59M,$0.46M,$3.89M,$4.36M,,,
2024/5/9,2379,43795,3.70K,7.37M,$114.91M,$0.40M,$4.86M,$5.26M,,,
2024/5/10,2029,56181,3.70K,7.37M,$124.37M,$0.46M,$4.08M,$4.54M,,,
2024/5/11,2266,58010,3.70K,7.36M,$111.11M,$0.32M,$4.42M,$4.74M,,,
2024/5/12,1822,53024,3.70K,7.36M,$111.97M,$0.32M,$3.91M,$4.23M,,,
2024/5/13,1962,58105,3.70K,7.36M,$124.01M,$0.42M,$4.76M,$5.18M,,,
2024/5/14,1872,49708,3.70K,7.36M,$112.17M,$0.40M,$6.21M,$6.61M,,,
2024/5/15,1895,88546,3.70K,7.36M,$120.73M,$0.38M,$4.53M,$4.91M,,,
2024/5/16,2081,156672,3.70K,7.36M,$116.48M,$0.43M,$4.52M,$4.95M,,,
2024/5/17,1997,75158,3.70K,7.36M,$120.85M,$0.46M,$4.20M,$4.66M,,,
2024/5/18,4109,86355,3.71K,7.36M,$141.34M,$1.01M,$4.32M,$5.32M,,,
2024/5/19,1799,101186,3.71K,7.37M,$123.81M,$0.45M,$3.86M,$4.31M,,,
2024/5/20,2003,65872,3.71K,7.37M,$144.20M,$0.82M,$4.47M,$5.30M,,,
2024/5/21,2747,85114,3.71K,7.37M,$140.02M,$0.69M,$4.48M,$5.18M,,,
2024/5/22,1676,56891,3.71K,7.36M,$138.33M,$0.57M,$4.49M,$5.06M,,,
2024/5/23,2184,73675,3.71K,7.36M,$137.87M,$0.57M,$4.37M,$4.94M,,,
2024/5/24,1511,31994,3.71K,7.36M,$138.88M,$0.30M,$4.67M,$4.97M,,,
2024/5/25,2486,58934,3.71K,7.36M,$131.06M,$0.31M,$4.58M,$4.89M,,,
2024/5/26,2284,32833,3.71K,7.36M,$125.80M,$0.19M,$3.97M,$4.15M,,,
2024/5/27,1839,110241,3.71K,7.36M,$140.86M,$0.42M,$5.15M,$5.57M,,,
2024/5/28,1733,55099,3.71K,7.36M,$143.20M,$0.68M,$4.59M,$5.28M,,,
2024/5/29,2151,56892,3.71K,7.36M,$144.61M,$0.38M,$2.90M,$3.28M,,,
2024/5/30,1606,71257,3.71K,7.35M,$132.69M,$0.35M,$3.56M,$3.90M,,,
2024/5/31,1607,64269,3.71K,7.35M,$144.54M,$0.31M,$3.38M,$3.69M,,,
2024/6/1,1760,41991,3.72K,7.35M,$129.42M,$0.25M,$2.46M,$2.71M,,,
2024/6/2,1826,49523,3.72K,7.35M,$124.64M,$0.31M,$2.88M,$3.20M,,,
2024/6/3,1817,52434,3.72K,7.35M,$138.95M,$0.35M,$3.03M,$3.39M,,,
2024/6/4,1654,78081,3.72K,7.35M,$140.19M,$0.33M,$2.86M,$3.18M,,,
2024/6/5,1897,148690,3.72K,7.35M,$141.48M,$0.30M,$2.19M,$2.49M,,,
2024/6/6,1553,87693,3.72K,7.35M,$130.46M,$0.42M,$2.17M,$2.59M,,,
2024/6/7,2186,94765,3.72K,7.35M,$138.91M,$0.92M,$3.74M,$4.66M,,,
2024/6/8,2487,49879,3.72K,7.35M,$135.47M,$0.39M,$1.94M,$2.33M,,,
2024/6/9,2624,69213,3.73K,7.35M,$119.59M,$0.42M,$1.62M,$2.04M,,,
2024/6/10,1745,39837,3.73K,7.35M,$104.92M,$0.33M,$2.23M,$2.56M,,,
2024/6/11,1821,46306,3.73K,7.35M,$128.02M,$0.43M,$2.19M,$2.63M,,,
2024/6/12,1749,36387,3.73K,7.35M,$127.77M,$0.36M,$1.97M,$2.33M,,,
2024/6/13,1480,28444,3.73K,7.35M,$116.49M,$0.26M,$2.19M,$2.46M,,,
2024/6/14,1620,38496,3.73K,7.35M,$117.37M,$0.34M,$2.29M,$2.63M,,,
2024/6/15,1618,37978,3.73K,7.34M,$134.71M,$0.33M,$1.97M,$2.31M,,,
2024/6/16,2571,32804,3.73K,7.34M,$116.35M,$0.30M,$2.07M,$2.37M,,,
2024/6/17,1783,46081,3.73K,7.34M,$129.93M,$0.49M,$2.28M,$2.77M,,,
2024/6/18,1846,75840,3.74K,7.34M,$127.01M,$0.64M,$2.14M,$2.77M,,,
2024/6/19,1930,47408,3.74K,7.34M,$127.75M,$0.38M,$3.13M,$3.51M,,,
2024/6/20,1892,48817,3.74K,7.34M,$130.07M,$0.38M,$3.13M,$3.51M,,,
2024/6/21,1847,52861,3.74K,7.34M,$127.81M,$0.37M,$2.61M,$2.98M,,,
2024/6/22,1786,39478,3.74K,7.34M,$113.52M,$0.25M,$2.85M,$3.10M,,,
2024/6/23,1970,64636,3.74K,7.34M,$121.36M,$0.53M,$2.30M,$2.83M,,,
2024/6/24,2020,52062,3.74K,7.34M,$122.78M,$0.42M,$2.13M,$2.55M,,,
2024/6/25,1898,42035,3.75K,7.34M,$115.11M,$0.33M,$2.33M,$2.65M,,,
2024/6/26,1708,43251,3.75K,7.34M,$109.46M,$0.30M,$1.98M,$2.28M,,,
2024/6/27,2861,50918,3.75K,7.34M,$123.13M,$0.79M,$2.38M,$3.17M,,,
2024/6/28,2449,45249,3.75K,7.34M,$122.98M,$0.43M,$1.86M,$2.29M,,,
2024/6/29,2236,40769,3.75K,7.34M,$109.86M,$0.36M,$1.84M,$2.20M,,,
2024/6/30,2164,45759,3.76K,7.34M,$121.78M,$0.34M,$1.59M,$1.93M,,Avg DEX,Avg CEX
2024/7/1,2149,56331,3.76K,7.34M,$123.81M,$0.56M,$1.63M,$2.18M,,$0.64M,$4.32M
2024/7/2,2275,60676,3.76K,7.34M,$122.12M,$1.18M,$1.36M,$2.54M,,,
2024/7/3,2111,51080,3.76K,7.34M,$112.45M,$0.55M,$1.38M,$1.94M,,,
2024/7/4,2267,285322,3.76K,7.34M,$108.68M,$1.01M,$1.79M,$2.80M,,,
2024/7/5,2832,171866,3.76K,7.33M,$108.98M,$0.81M,$2.05M,$2.86M,,,
2024/7/6,2299,346588,3.76K,7.33M,$103.43M,$0.55M,$1.67M,$2.22M,,,
2024/7/7,2212,659538,3.76K,7.33M,$95.98M,$0.34M,$1.61M,$1.96M,,,
2024/7/8,2280,607534,3.76K,7.33M,$96.56M,$0.72M,$2.43M,$3.15M,,,
2024/7/9,2107,569367,3.76K,7.33M,$97.13M,$0.66M,$2.31M,$2.96M,,,
2024/7/10,2082,508468,3.77K,7.33M,$100.49M,$0.41M,$1.50M,$1.91M,,,
2024/7/11,2081,519303,3.77K,7.33M,$96.38M,$0.52M,$1.53M,$2.06M,,,
2024/7/12,2261,724973,3.77K,7.33M,$106.82M,$0.69M,$1.74M,$2.42M,,,
2024/7/13,2229,629162,3.77K,7.33M,$111.18M,$1.16M,$1.61M,$2.76M,,,
2024/7/14,1835,553226,3.77K,7.33M,$111.90M,$0.50M,$1.38M,$1.88M,,,
2024/7/15,2131,725502,3.77K,7.33M,$103.11M,$0.65M,$1.51M,$2.16M,,,
2024/7/16,2468,853538,3.77K,7.32M,$118.03M,$0.79M,$1.52M,$2.31M,,,
2024/7/17,2736,944041,3.77K,7.32M,$120.23M,$1.22M,$1.55M,$2.77M,,,
2024/7/18,2053,863214,3.77K,7.32M,$114.01M,$0.77M,$1.49M,$2.26M,,,
2024/7/19,2071,793268,3.77K,7.32M,$115.03M,$0.73M,$1.62M,$2.35M,,,
2024/7/20,1969,526244,3.77K,7.32M,$115.65M,$0.43M,$1.49M,$1.92M,,,
2024/7/21,2222,561550,3.77K,7.32M,$117.47M,$0.38M,$8.05M,$8.43M,,,
2024/7/22,2491,438445,3.78K,7.31M,$119.02M,$0.54M,$173.79M,$174.34M,,,
2024/7/23,2021,503714,3.78K,7.31M,$118.16M,$0.42M,$1.87M,$2.30M,,,
2024/7/24,2213,591338,3.78K,7.31M,$116.48M,$0.62M,$1.92M,$2.54M,,,
2024/7/25,2283,516963,3.78K,7.31M,$111.87M,$0.71M,$1.78M,$2.49M,,,
2024/7/26,2025,468972,3.78K,7.31M,$113.15M,$0.38M,$2.26M,$2.63M,,,
2024/7/27,2191,528344,3.78K,7.31M,$116.96M,$0.65M,$2.76M,$3.40M,,,
2024/7/28,2235,550791,3.78K,7.31M,$115.38M,$0.40M,$2.34M,$2.74M,,,
2024/7/29,2069,570169,3.78K,7.31M,$115.48M,$0.45M,$2.34M,$2.79M,,,
2024/7/30,2443,531385,3.78K,7.30M,$115.50M,$0.68M,$2.23M,$2.90M,,,
2024/7/31,3186,557450,3.78K,7.30M,$112.81M,$0.69M,$2.29M,$2.98M,,,
2024/8/1,2339,629288,3.79K,7.30M,$109.12M,$0.74M,$2.31M,$3.04M,,,
2024/8/2,2340,565910,3.79K,7.30M,$106.34M,$0.67M,$2.41M,$3.09M,,,
2024/8/3,2193,622332,3.79K,7.30M,$105.93M,$0.63M,$2.52M,$3.15M,,,
2024/8/4,2309,553816,3.79K,7.30M,$101.72M,$0.71M,$2.24M,$2.96M,,,
2024/8/5,2598,735067,3.79K,7.30M,$98.75M,$1.49M,$2.58M,$4.07M,,,
2024/8/6,2717,500972,3.79K,7.30M,$96.14M,$0.61M,$3.16M,$3.77M,,,
2024/8/7,2531,504440,3.79K,7.30M,$106.53M,$2.10M,$3.12M,$5.22M,,,
2024/8/8,2563,712637,3.79K,7.30M,$109.28M,$1.06M,$2.97M,$4.02M,,,
2024/8/9,3284,680993,3.79K,7.30M,$105.60M,$0.69M,$2.72M,$3.42M,,,
2024/8/10,2184,698525,3.79K,7.30M,$109.86M,$0.66M,$2.33M,$2.99M,,,
2024/8/11,3182,796340,3.79K,7.30M,$106.18M,$0.71M,$2.58M,$3.29M,,,
2024/8/12,2119,852271,3.79K,7.29M,$108.42M,$0.59M,$3.23M,$3.83M,,,
2024/8/13,2138,899050,3.79K,7.29M,$108.02M,$0.61M,$3.28M,$3.89M,,,
2024/8/15,1197,392542,3.80K,7.29M,$97.18M,$0.15M,$2.44M,$2.59M,,,
2024/8/16,2128,710594,3.80K,7.29M,$102.42M,$0.46M,$2.45M,$2.91M,,,
2024/8/17,2242,692488,3.80K,7.29M,$102.60M,$0.62M,$2.17M,$2.79M,,,
2024/8/18,2526,848106,3.80K,7.29M,$101.72M,$0.58M,$2.90M,$3.48M,,,
2024/8/19,3233,897951,3.80K,7.29M,$104.79M,$0.77M,$3.24M,$4.02M,,,
2024/8/20,2462,759615,3.80K,7.28M,$105.08M,$0.50M,$2.63M,$3.13M,,,
2024/8/21,2150,685579,3.80K,7.28M,$105.29M,$0.65M,$3.16M,$3.81M,,,
2024/8/22,2458,666792,3.80K,7.28M,$105.70M,$1.24M,$3.45M,$4.69M,,,
2024/8/23,2504,827658,3.80K,7.28M,$101.35M,$1.03M,$3.41M,$4.44M,,,
2024/8/24,2045,776803,3.80K,7.28M,$94.26M,$0.61M,$3.11M,$3.72M,,,
2024/8/25,2085,751634,3.80K,7.28M,$93.21M,$0.43M,$3.27M,$3.70M,,,
2024/8/26,2326,817396,3.80K,7.28M,$94.26M,$0.55M,$2.94M,$3.49M,,,
2024/8/27,2260,738130,3.80K,7.28M,$100.78M,$0.61M,$2.70M,$3.31M,,,
2024/8/28,2084,755940,3.80K,7.28M,$106.22M,$0.53M,$2.90M,$3.42M,,,
2024/8/29,2250,729587,3.80K,7.28M,$108.63M,$0.53M,$2.81M,$3.34M,,,
2024/8/30,2115,891835,3.81K,7.28M,$108.51M,$0.65M,$2.45M,$3.10M,,,
2024/8/31,2309,924070,3.81K,7.28M,$102.15M,$0.54M,$2.29M,$2.83M,,,
2024/9/1,2479,926144,3.81K,7.28M,$100.60M,$0.45M,$2.35M,$2.80M,,,
2024/9/2,2547,918719,3.81K,7.28M,$99.24M,$0.41M,$2.36M,$2.77M,,,
2024/9/3,2277,930146,3.81K,7.28M,$103.62M,$0.38M,$2.09M,$2.47M,,,
2024/9/4,2414,988086,3.81K,7.28M,$90.10M,$0.48M,$2.30M,$2.78M,,,
2024/9/5,2715,984668,3.81K,7.28M,$94.70M,$0.48M,$2.69M,$3.17M,,,
2024/9/6,2311,966543,3.81K,7.28M,$91.36M,$0.54M,$2.99M,$3.53M,,,
2024/9/7,2053,935697,3.81K,7.28M,$84.78M,$0.51M,$2.55M,$3.06M,,,
2024/9/8,2145,882085,3.81K,7.28M,$85.89M,$0.41M,$2.53M,$2.93M,,,
2024/9/9,2197,956826,3.81K,7.28M,$97.46M,$0.50M,$2.97M,$3.47M,,,
2024/9/10,2027,967143,3.81K,7.27M,$100.00M,$0.49M,$3.02M,$3.50M,,,
2024/9/11,2220,987891,3.81K,7.27M,$92.94M,$0.58M,$2.58M,$3.16M,,,
2024/9/12,2287,928919,3.81K,7.27M,$91.59M,$0.73M,$2.81M,$3.54M,,,
2024/9/13,2379,980172,3.81K,7.27M,$96.20M,$0.54M,$2.58M,$3.12M,,,
2024/9/14,2323,1033710,3.81K,7.27M,$96.14M,$0.71M,$2.07M,$2.78M,,,
2024/9/15,3251,1027883,3.81K,7.27M,$97.76M,$0.43M,$2.46M,$2.89M,,,
2024/9/16,2427,1016103,3.82K,7.27M,$99.16M,$0.74M,$2.77M,$3.51M,,,
2024/9/17,1646,632124,3.82K,7.26M,$99.19M,$0.27M,$2.17M,$2.45M,,,
2024/9/18,2771,545491,3.82K,7.26M,$93.36M,$0.43M,$2.42M,$2.85M,,,
2024/9/19,2378,926347,3.82K,7.26M,$106.91M,$0.50M,$2.38M,$2.88M,,,
2024/9/20,2182,982881,3.82K,7.26M,$94.59M,$0.39M,$2.48M,$2.87M,,,
2024/9/21,2199,829335,3.82K,7.26M,$107.93M,$0.42M,$2.22M,$2.64M,,,
2024/9/22,4329,998676,3.82K,7.26M,$106.79M,$0.39M,$2.36M,$2.75M,,,
2024/9/23,2250,1003729,3.82K,7.26M,$100.44M,$0.41M,$2.38M,$2.78M,,,
2024/9/24,2280,1035622,3.83K,7.25M,$97.86M,$0.54M,$2.80M,$3.34M,,,
2024/9/25,2237,949653,3.83K,7.25M,$83.56M,$0.78M,$2.46M,$3.24M,,,
2024/9/26,2308,966283,3.83K,7.25M,$99.26M,$0.47M,$2.82M,$3.29M,,,
2024/9/27,2383,922871,3.83K,7.25M,$103.31M,$0.62M,$2.41M,$3.03M,,,
2024/9/28,2502,994388,3.84K,7.25M,$99.62M,$0.97M,$2.11M,$3.08M,,,
2024/9/29,2668,1051077,3.84K,7.25M,$99.82M,$0.89M,$2.10M,$2.99M,,,
2024/9/30,2401,1075539,3.84K,7.25M,$95.77M,$0.61M,$2.66M,$3.27M,,,
2024/10/1,2401,1132152,3.84K,7.25M,$94.52M,$0.92M,$2.84M,$3.76M,,,
2024/10/2,2330,1129419,3.85K,7.25M,$89.62M,$0.97M,$2.47M,$3.44M,,,
2024/10/3,2477,1092430,3.86K,7.25M,$89.29M,$0.93M,$2.48M,$3.41M,,,
2024/10/4,2362,1091102,3.86K,7.25M,$90.95M,$0.62M,$2.37M,$2.99M,,,
2024/10/5,2329,889772,3.86K,7.25M,$78.54M,$0.46M,$2.42M,$2.88M,,,
2024/10/6,2522,854937,3.87K,7.24M,$79.23M,$0.43M,$2.24M,$2.67M,,,
2024/10/7,2455,847709,3.87K,7.24M,$80.18M,$0.51M,$2.43M,$2.94M,,,
2024/10/8,2399,788404,3.87K,7.25M,$79.88M,$0.39M,$2.16M,$2.54M,,,
2024/10/9,3710,775806,3.87K,7.25M,$90.02M,$0.60M,$2.00M,$2.60M,,,
2024/10/10,4884,915651,3.87K,7.25M,$92.79M,$0.90M,$1.36M,$2.26M,,,
2024/10/11,4226,870100,3.87K,7.25M,$93.75M,$0.84M,$0.69M,$1.53M,,,
2024/10/12,5136,541683,3.87K,7.25M,$94.13M,$0.50M,$0.42M,$0.92M,,,
2024/10/13,3310,807284,3.88K,7.25M,$95.90M,$0.52M,$0.39M,$0.91M,,,
2024/10/14,3754,933049,3.88K,7.25M,$97.52M,$0.65M,$0.67M,$1.31M,,,
2024/10/15,3014,923002,3.89K,7.25M,$95.57M,$0.53M,$0.73M,$1.25M,,,
2024/10/16,3113,840621,3.90K,7.25M,$96.54M,$0.63M,$0.69M,$1.32M,,,
2024/10/17,3239,952844,3.93K,7.25M,$95.18M,$0.91M,$0.69M,$1.60M,,,
2024/10/18,3270,866863,3.95K,7.25M,$96.10M,$0.68M,$0.70M,$1.38M,,,
2024/10/19,4849,969490,4.21K,7.26M,$96.35M,$2.00M,$0.65M,$2.65M,,,
2024/10/20,6551,1045500,4.54K,7.27M,$84.66M,$2.62M,$0.51M,$3.13M,,,
2024/10/21,7122,1065839,4.98K,7.28M,$95.63M,$2.76M,$0.88M,$3.64M,,,
2024/10/22,6253,1020909,5.17K,7.28M,$95.30M,$2.38M,$0.91M,$3.28M,,,
2024/10/23,6200,732304,5.26K,7.28M,$93.99M,$17.65M,$0.88M,$18.53M,,,
2024/10/24,7259,870521,5.33K,7.29M,$95.20M,$4.18M,$0.86M,$5.03M,,,
2024/10/25,10217,877086,5.58K,7.30M,$92.68M,$3.97M,$0.80M,$4.77M,,,
2024/10/26,9227,830669,5.81K,7.31M,$94.75M,$4.19M,$0.53M,$4.71M,,,
2024/10/27,11996,1066789,6.21K,7.32M,$82.44M,$4.78M,$0.61M,$5.39M,,,
2024/10/28,8712,995772,6.42K,7.34M,$93.61M,$6.17M,$0.83M,$6.99M,,,
2024/10/29,8813,597534,6.70K,7.34M,$97.40M,$3.07M,$0.96M,$4.03M,,,
2024/10/30,9416,519432,6.80K,7.36M,$84.72M,$2.66M,$0.87M,$3.53M,,,
2024/10/31,7627,558664,7.08K,7.37M,$99.56M,$2.53M,$0.73M,$3.26M,,,
2024/11/1,7218,463217,7.19K,7.37M,$100.39M,$2.53M,$1.02M,$3.55M,,,
2024/11/2,6659,450433,7.32K,7.37M,$86.33M,$1.77M,$0.65M,$2.42M,,,
2024/11/3,6892,396534,7.50K,7.38M,$97.70M,$1.75M,$0.75M,$2.51M,,,
2024/11/4,7070,517963,7.55K,7.38M,$96.98M,$334.43M,$0.92M,$335.35M,,,
2024/11/5,6577,424183,7.59K,7.38M,$99.22M,$2.52M,$0.79M,$3.31M,,,
2024/11/6,6734,502412,7.68K,7.39M,$102.84M,$2.31M,$1.15M,$3.47M,,,
2024/11/7,6260,534835,7.82K,7.39M,$103.67M,$1.09M,$0.88M,$1.97M,,,
2024/11/8,6246,550096,8.03K,7.40M,$101.98M,$0.98M,$0.90M,$1.88M,,,
2024/11/9,6282,547219,8.09K,7.38M,$87.27M,$0.82M,$0.75M,$1.57M,,,
2024/11/10,7589,765068,8.19K,7.38M,$90.62M,$2.06M,$0.96M,$3.02M,,,
2024/11/11,6904,619666,8.24K,7.38M,$89.60M,$1.38M,$0.96M,$2.34M,,,
2024/11/12,7853,874843,8.34K,7.38M,$98.61M,$2.71M,$1.25M,$3.96M,,,
2024/11/13,6912,754172,8.43K,7.38M,$98.96M,$1.59M,$1.03M,$2.62M,,,
2024/11/14,7099,831060,8.47K,7.37M,$80.57M,$2.40M,$1.17M,$3.58M,,,
2024/11/15,8279,855564,8.52K,7.35M,$108.51M,$2.82M,$3.97M,$6.78M,,,
2024/11/16,12282,1043551,8.58K,7.32M,$197.26M,$6.77M,$29.20M,$35.97M,,,
2024/11/17,7721,915782,8.61K,7.30M,$160.35M,$2.50M,$6.76M,$9.26M,,,
2024/11/18,8957,894604,8.66K,7.29M,$172.64M,$2.82M,$5.77M,$8.59M,,,
2024/11/19,8504,735406,8.73K,7.28M,$149.71M,$1.48M,$4.18M,$5.66M,,,
2024/11/20,8467,839737,8.79K,7.28M,$170.43M,$1.63M,$3.45M,$5.08M,,,
2024/11/21,7897,793028,8.89K,7.27M,$238.01M,$2.70M,$7.29M,$9.99M,,,
2024/11/22,11355,1043655,8.97K,7.24M,$393.96M,$10.50M,$59.48M,$69.97M,,,
2024/11/23,10120,1010705,9.02K,7.21M,$286.46M,$5.97M,$27.29M,$33.26M,,,
2024/11/24,9180,972104,9.08K,7.19M,$351.85M,$4.62M,$22.51M,$27.13M,,,
2024/11/25,7988,962165,9.16K,7.18M,$320.82M,$3.54M,$18.52M,$22.06M,,,
2024/11/26,8173,952269,9.21K,7.18M,$314.08M,$3.45M,$12.64M,$16.09M,,,
2024/11/27,9047,937620,9.35K,7.17M,$344.48M,$3.04M,$9.20M,$12.24M,,,
2024/11/28,8232,590071,9.41K,7.16M,$335.46M,$2.69M,$8.93M,$11.62M,,,
2024/11/29,10497,696787,9.48K,7.16M,$340.47M,$5.19M,$11.17M,$16.37M,,,
2024/11/30,12373,902580,9.77K,7.13M,$298.52M,$8.55M,$14.31M,$22.86M,,,
2024/12/1,24624,1270759,10.42K,7.17M,$343.62M,$14.86M,$16.69M,$31.55M,,,
2024/12/2,33086,1473852,11.06K,7.18M,$332.87M,$21.93M,$16.42M,$38.35M,,,
2024/12/3,29199,994605,11.64K,7.19M,$306.60M,$10.97M,$12.98M,$23.95M,,,
2024/12/4,20888,551856,11.90K,7.25M,$291.77M,$7.16M,$10.29M,$17.45M,,,
2024/12/5,15154,436436,12.09K,7.31M,$272.33M,$4.69M,$10.53M,$15.22M,,,
2024/12/6,14512,403289,12.24K,7.31M,$332.75M,$5.05M,$13.77M,$18.81M,,,
2024/12/7,14375,435787,12.43K,7.32M,$347.33M,$6.27M,$9.59M,$15.87M,,,
,,,,,,,,,,,
,,,,,$393.96M,,,,,,
