pool,Fee Tier,Start Date,Expiry Date,Yield Source,Base Asset,Underlying Issuer,chain,AverageIY,Average Daily LP TVL,Total Swap Fee,Total Swap Fee (im+ex),Average Daily Swap Fee,Average Daily Swap Fee (im + ex),Average TV,EfficientRatio*,EfficientRatioB**
Ethena sUSDE 27MAR2025,0.001,17 Sept 2024,27 Mar 2025,6-Stablecoins,Stable,Ethena,1,0.1718955685580844,131886456.93581073,919304.7814804493,1369732.1110909744,6613.703463888124,9854.187849575355,19470568.074298926,0.02727178095962924,0.1476312922999764
ether.fi weETH 27JUN2024,0.0003,9 Jan 2024,27 Jun 2024,2-Restaking,ETH,Ether.fi,1,0.2734737290171153,113169762.5525587,339111.7123699672,1913242.0025771928,2006.5781797039479,11320.958595131318,33558780.62311121,0.036512844014352855,0.29653486820320685
pumpBTC 27MAR2025,0.0015,16 Oct 2024,27 Mar 2025,2-Restaking,BTC,pumpBTC,1,0.04391251655651974,87265824.10257277,5924.662152130002,9562.676395630006,61.07899125907219,98.58429273845367,398831.3871126691,0.0004123408816633718,0.004570304483045738
Ethena sUSDE 29MAY2025,0.002,13 Nov 2024,29 May 2025,6-Stablecoins,Stable,Ethena,1,0.18712851290613547,85948743.3809864,430980.56179604155,608601.803943107,5011.40188134932,7076.765162129152,5749346.182049501,0.03005301977164867,0.0668927311312078
Berachain STONE 10APR2025,0.0025,14 Jan 2025,10 Apr 2025,1-Staking,ETH,Stakestone,1,0.1313178007454307,83341671.67358841,46257.68480305354,46257.82647144319,1927.4035334605642,1927.409436310133,3566888.1831964515,0.008441208702994425,0.042798375789321066
Corn Bedrock uniBTC 27FEB2025,0.001500004,23 Dec 2024,27 Feb 2025,2-Restaking,BTC,Bedrock,1,0.06682432860775904,81289181.20265295,3290.43243955,4292.28021863,73.12072087888889,95.38400485844444,523890.46539983567,0.00042828776545969196,0.00644477478612785
SolvBTC Babylon 27MAR2025,0.001,30 Sept 2024,27 Mar 2025,2-Restaking,BTC,SolvProtocol,56,0.05645678848170166,75018425.49888039,47917.102644180115,71498.45734295018,368.59309726292395,549.9881334073091,1388994.110930666,0.002675951506029192,0.018515372746011526
Corn SolvBTC Babylon 26DEC2024,0.001,16 Sept 2024,26 Dec 2024,2-Restaking,BTC,SolvProtocol,1,0.08480445415046622,67026065.37680413,30855.004215330682,64806.34936703067,311.6667092457645,654.6095895659664,4320972.483909251,0.0035647698973281174,0.06446704665741308
Corn pumpBTC 26DEC2024,0.001,25 Sept 2024,26 Dec 2024,2-Restaking,BTC,PumpBTC,1,0.07166017401333023,65959931.14833663,5908.231735520002,11175.744158770001,66.38462624179778,125.57015908730338,1588104.5075605384,0.0006948628852233353,0.024076806629604663
Corn Bedrock uniBTC 26DEC2024,0.001,16 Sept 2024,26 Dec 2024,2-Restaking,BTC,Bedrock,1,0.0742114935903608,63690362.29861321,6118.20911147,13992.565873849995,65.78719474698924,150.4576975682795,1031624.3874709001,0.0008622507021540024,0.016197495982737762
Wrapped stUSR 27MAR2025,0.004,23 Dec 2024,27 Mar 2025,7-RWA,Stable,Resolv,1,0.2672648789482043,60766940.48345501,403319.3188458325,413015.77272534516,8767.811279257228,8978.603754898808,6850475.948862224,0.05393048168074784,0.11273359978897407
USD0++ 27MAR2025,0.002,16 Oct 2024,27 Mar 2025,7-RWA,Stable,Usual,1,0.20766477531346902,56535649.378221,556904.7894067041,851732.7481440374,4842.650342666992,7406.37172299163,7385989.583456399,0.04781630190195241,0.13064304849572797
Corn SolvBTC Babylon 27FEB2025,0.0012,23 Dec 2024,27 Feb 2025,2-Restaking,BTC,SolvProtocol,1,0.07725875981427534,50920615.770843014,17947.695328078193,21311.395750788193,390.16728974083026,463.2912119736564,1141198.1022195064,0.0033208807436930373,0.022411317792290972
Lombard LBTC 27MAR2025,0.001,30 Sept 2024,27 Mar 2025,2-Restaking,BTC,Lombard,1,0.058919696614570534,47287957.8226892,67873.67153618003,106866.07379062002,534.4383585525986,841.465147957638,2349848.0157651408,0.006494989277316005,0.04969231330682802
Ethena sUSDE 26SEP2024,0.003,20 May 2024,26 Sept 2024,6-Stablecoins,Stable,Ethena,1,0.20913628753160174,45571557.58917026,661943.8448214128,835056.9440186401,5131.347634274518,6473.30964355535,8807883.855030164,0.05184720788343635,0.19327590104410414
Ethena sUSDE 26DEC2024,0.001,17 Jul 2024,26 Dec 2024,6-Stablecoins,Stable,Ethena,1,0.16841622083616953,44234552.029411,227766.24851879035,388989.5048946258,1405.96449702957,2401.1697833001595,14485337.125754787,0.019813176141624148,0.32746657219731007
ether.fi weETH 26DEC2024,0.001,10 Apr 2024,26 Dec 2024,2-Restaking,ETH,Ether.fi,1,0.08538780256046888,42911692.563719176,155012.9912024946,266711.15959219646,610.2873669389551,1050.0439354023483,527601.3848429795,0.008931505925867379,0.012295049514990561
Puffer ETH 26DEC2024,0.001,3 Sept 2024,26 Dec 2024,2-Restaking,ETH,Puffer Finance,1,0.053685710299968284,39235968.84536908,24152.76664441603,41865.74713473385,221.5850150863856,384.089423254439,2185759.966450771,0.003573064298230447,0.05570806662287251
Ethena sUSDE 27FEB2025,0.003999999,10 Dec 2024,27 Feb 2025,6-Stablecoins,Stable,Ethena,1,0.2080759799485133,39128419.41845984,339519.7853621864,369475.85541189864,5754.572633257396,6262.302634099977,11079919.901637515,0.05841637601053047,0.28316809281619687
Resolv USD 24APR2025,0.004,24 Jan 2025,24 Apr 2025,6-Stablecoins,Stable,Resolv,8453,0.2519020831253132,38187213.27616237,86210.53307852989,86210.53307852989,5747.368871901993,5747.368871901993,5118466.814964062,0.054934347344841004,0.13403614392986266
Kelp rsETH 27JUN2024,0.001,22 Jan 2024,27 Jun 2024,2-Restaking,ETH,Kelp,1,0.2872059735533889,37965658.73152918,190975.43673295344,533131.7238029194,1232.0995918255062,3439.5595084059314,4684013.889431678,0.03306775814021542,0.12337501958162428
cmETH 13FEB2025,0.001,29 Oct 2024,13 Feb 2025,1-Staking,ETH,Mantle,5000,0.08115990475214965,37577605.4887466,26758.09372295038,49426.11636860599,264.9316210193107,489.3674887980791,1959805.2625446229,0.0047533399504337765,0.05215354296940308
ether.fi weETH 26SEP2024,0.003,14 May 2024,26 Sept 2024,2-Restaking,ETH,Ether.fi,1,0.0796045280735651,31236221.185803093,92278.81779516266,121496.43615518977,688.6478939937512,906.689822053655,1287091.7038948839,0.010594808606362336,0.041205102763194314
Renzo ezETH 26DEC2024,0.001,21 Apr 2024,26 Dec 2024,2-Restaking,ETH,Renzo,1,0.08730041042616979,31179362.051667776,214609.7911863613,373231.3773472039,894.2074632765055,1555.1307389466829,691802.23408089,0.018205078050504152,0.02218782516892085
Corn Lombard LBTC 26DEC2024,0.001,9 Sept 2024,26 Dec 2024,2-Restaking,BTC,Lombard,1,0.09234263965674454,30273843.245164394,34760.71525122,93055.55302651998,324.8664976749532,869.678065668411,2779651.6103869453,0.010485371526777436,0.0918169387307948
Renzo ezETH 25APR2024,0.001,28 Jan 2024,25 Apr 2024,2-Restaking,ETH,Renzo,1,0.4365667450544326,30038461.266403638,235582.28231936868,996282.4716149746,2739.3288641787058,11584.679902499704,35554040.6956979,0.14076647025663847,1.1836172425870275
Ether.Fi Liquid Bera ETH 10APR2025,0.003000001,7 Jan 2025,10 Apr 2025,1-Staking,ETH,Ether.fi,1,0.13422525158173737,28896716.10205647,70736.20169550246,71141.2541307234,2281.812957919434,2294.879165507207,3166119.471210987,0.02898706179801931,0.1095667569985804
Ether.Fi Liquid Bera BTC 10APR2025,0.0025,7 Jan 2025,10 Apr 2025,1-Staking,BTC,Ether.fi,1,0.15850186879703362,27746111.60880106,87367.78200567003,88517.00332214001,2818.315548570001,2855.3872039400003,4542662.6521745715,0.037562608560527434,0.16372249619055235
Corn ether.fi eBTC 27MAR2025,0.001,16 Oct 2024,27 Mar 2025,2-Restaking,BTC,Ether.fi,1,0.07355636529210205,27483601.231365878,68733.80870243003,109289.19803308998,602.9281465125441,958.6771757288595,2569127.916717783,0.012731852940061147,0.09347857637323545
Bedrock uniBTC 27MAR2025,0.0015,10 Dec 2024,27 Mar 2025,2-Restaking,BTC,Bedrock,1,0.04196242783109001,26501574.225242876,732.9802867500001,1059.1371414900002,18.324507168750003,26.478428537250004,55235.20222168476,0.00036468121983827844,0.0020842234409257456
SolvBTC Babylon 27MAR2025,0.0015,10 Dec 2024,27 Mar 2025,2-Restaking,BTC,Solv Finance,1,0.07158693641822533,26086547.19480329,12034.435434339735,27440.650870659727,267.431898540883,609.7922415702161,818316.6667525505,0.00853214365669168,0.03136929777029164
stETH 25DEC2025,0.0005,5 Apr 2023,25 Dec 2025,1-Staking,ETH,Lido,1,0.03629860999037972,25718653.83720351,60888.891481927705,337500.6508655641,115.31987023092368,639.2057781544775,118999.10276140172,0.009071629895686372,0.004626956897303182
Zircuit Staking ezETH 27JUN2024,0.001,12 Mar 2024,27 Jun 2024,2-Restaking,ETH,Renzo,1,0.331625974345899,25655900.34844803,226964.62006554846,1102091.1385036753,2161.5678101480808,10496.106080987383,13114601.461342901,0.14932544434333772,0.5111729186357019
Ethena USDe 25JUL2024,0.01,2 Apr 2024,25 Jul 2024,6-Stablecoins,Stable,Ethena,1,0.3643142816198674,24853166.409119014,1897019.0241906056,2471809.2394662774,16640.517756057943,21682.537188300677,7460368.949894399,0.3184353230269255,0.3001778053985537
ether.fi eBTC 26DEC2024,0.002,27 Aug 2024,26 Dec 2024,2-Restaking,BTC,Ether.fi,1,0.062212236726107185,24818626.35466653,87304.04244629003,120753.16782388008,727.5336870524169,1006.276398532334,2575885.4413548415,0.01479900137161466,0.10378839684938927
Super Symbiotic LRT 26DEC2024,0.001,13 Aug 2024,26 Dec 2024,2-Restaking,ETH,Ether.fi,1,0.05764247567530517,23647023.261810683,12751.177920264181,19203.129416733875,95.87351819747505,144.38443170476597,487576.65299395897,0.002228623746370194,0.020618944194188804
Kelp Gain 26DEC2024,0.001,19 Aug 2024,26 Dec 2024,5-Derivative,Other,Gains,1,0.07208284299884693,23586345.05519904,17165.45374849575,46251.944754824144,136.23375990869644,367.07892662558845,643781.6534217253,0.005680566781533042,0.02729467630169428
USD0++ 30JAN2025,0.002,18 Nov 2024,30 Jan 2025,7-RWA,Stable,Usual,1,0.21385290862422254,23562380.681963783,274557.77395611966,301930.8325647399,3922.2539136588525,4313.297608067714,9822110.838204056,0.0668164073993521,0.4168556212879862
Puffer ETH 26SEP2024,0.003,20 May 2024,26 Sept 2024,2-Restaking,ETH,Puffer Finance,1,0.1215339961644216,19195844.784194782,103595.39198530416,145989.6603505956,822.1856506770172,1158.6480980206,2096802.3715263424,0.022031151039819088,0.10923209658648518
SolvBTC Bera Vault 10APR2025,0.002,24 Jan 2025,10 Apr 2025,1-Staking,BTC,SolvProtocol,1,0.13638828008842818,18335437.64015499,5469.082233052747,5565.983449790997,390.6487309323391,397.5702464136426,621921.0991917754,0.007914353766128755,0.03391907580268252
weETH 25APR2024,0.001,6 Feb 2024,25 Apr 2024,2-Restaking,ETH,Ether.fi,42161,0.4371125653645382,18116813.40920273,227377.06737359252,471268.6631318693,2915.0906073537503,6041.905937588068,29453373.29098089,0.1217264657646377,1.625748006877389
Ethena sUSDE 24OCT2024,0.001,17 Jul 2024,24 Oct 2024,6-Stablecoins,Stable,Ethena,1,0.1307811281625277,17845832.064221352,54925.64186827731,85494.68386130307,554.8044633159324,863.5826652656875,4827301.781720935,0.01766281738434196,0.2705002358169148
Staked ENA 24APR2025,0.005,9 Oct 2024,24 Apr 2025,6-Stablecoins,Other,Ethena,1,0.45086554313814353,17672360.685597975,294027.375595312,392707.27846653434,2429.9783107050575,3245.5146980705317,1275733.0655048513,0.06703195378765324,0.07218803917602844
Lombard LBTC 29MAY2025,0.001,26 Nov 2024,29 May 2025,2-Restaking,BTC,Lombard,8453,0.07009698053623709,17468587.490503654,33852.31446689001,59118.227172940016,463.7303351628769,809.8387283964386,1263956.3490889794,0.016921295784526967,0.07235595607121048
Zircuit Ether.fi weETH 27JUN2024,0.003,26 Mar 2024,27 Jun 2024,2-Restaking,ETH,Ether.fi,1,0.3656919953567026,17091843.360025894,277955.8518617229,636191.3189347581,3021.259259366553,6915.123031899544,7794216.45917802,0.1476739432650352,0.4560196518888652
USD0++ 26JUN2025,0.002,19 Nov 2024,26 Jun 2025,7-RWA,Stable,Usual,1,0.21577016501949045,16934201.214285333,103977.20133140094,254095.53434841626,1316.1671054607714,3216.3991689672944,1353541.975006506,0.06932631080837244,0.07992948459031458
Puffer ETH 27JUN2024,0.001,26 Feb 2024,27 Jun 2024,2-Restaking,ETH,Puffer Finance,1,0.31935925716482566,16571641.109616712,108085.3769915715,636283.7044608465,893.2675784427396,5258.543012073112,7014326.819913002,0.11582245757741227,0.4232729138602035
Ethena USDe 27MAR2025,0.001,17 Sept 2024,27 Mar 2025,6-Stablecoins,Stable,Ethena,1,0.17451595568237732,16425656.833502896,208829.93282157645,330711.52180207014,1491.6423772969747,2362.2251557290724,3861673.013747579,0.052491793209905914,0.23510006649299076
Corn Lombard LBTC 27FEB2025,0.001999997,23 Dec 2024,27 Feb 2025,2-Restaking,BTC,Lombard,1,0.09246158950029781,16311885.674864313,19381.43974564,22833.436874690007,421.33564664434783,496.379062493261,1595899.5702528849,0.011107137545061742,0.09783660835191331
Syrup USDC 30JAN2025,0.002,15 Oct 2024,30 Jan 2025,6-Stablecoins,Stable,Syrup,1,0.15818741999081515,16204257.58927144,26683.349172201288,56428.0327243918,266.83349172201287,564.280327243918,696345.186976785,0.012710382953946261,0.04297297689453068
weETH 26DEC2024,0.001,30 Aug 2024,26 Dec 2024,2-Restaking,ETH,Ether.fi,42161,0.04790330796815732,15845186.187763043,4574.472180352465,5536.022292007736,39.435105003038494,47.724330103514966,367358.6987987904,0.0010993484255322704,0.023184246271747505
USD0++ 31OCT2024,0.001,6 Aug 2024,31 Oct 2024,7-RWA,Stable,Usual,1,0.18692216450262145,15449816.803372785,29574.570773174142,66907.49482485467,347.9361267432252,787.1469979394667,3956413.761299821,0.018596249904088445,0.256081597060498
Concrete LBTC Vault 10APR2025,0.003,14 Jan 2025,10 Apr 2025,1-Staking,BTC,Concrete,1,0.15075629665759108,14312903.26104481,22603.0931868731,25079.439228483097,982.7431820379608,1090.4104012383955,1630809.531873565,0.027807062563976366,0.11393981375617288
rswETH 27JUN2024,0.01,19 Feb 2024,27 Jun 2024,2-Restaking,ETH,Swell,1,0.3300369511023572,14022484.076450216,410903.76052667585,734650.2518566917,3210.185629114655,5739.455092630404,3280081.109350579,0.14939586291478396,0.23391583769806137
Ethena sUSDE 25JUL2024,0.01,23 Apr 2024,25 Jul 2024,6-Stablecoins,Stable,Ethena,1,0.3459693308058734,13719379.746442351,818411.7908807991,918306.2001415379,8800.126783664506,9874.260216575676,8331372.557439729,0.2627017434942511,0.6072703512416575
Karak WEETH 26SEP2024,0.003,28 May 2024,26 Sept 2024,2-Restaking,ETH,Ether.fi,1,0.11512668769424453,13372432.213354634,47220.23551602967,84944.82101314806,393.5019626335806,707.8735084429005,594041.844488552,0.019321378972751775,0.044422871995963516
Zircuit Staking rsETH 27JUN2024,0.003,26 Mar 2024,27 Jun 2024,2-Restaking,ETH,Kelp,1,0.36709360714173206,13006030.248471603,95885.80201203816,276507.59464776673,1053.6901320004192,3038.5449961293048,2356463.301443568,0.08527343873566087,0.18118236359787696
weETH 26SEP2024,0.003,14 May 2024,26 Sept 2024,2-Restaking,ETH,Ether.fi,42161,0.08258437159113421,12384427.952201558,54691.34412124108,66370.07612969619,408.1443591137394,495.29907559474765,792259.2797466519,0.014597699892948644,0.06397221436504165
Ethena USDe 25JUL2024,0.01,1 Apr 2024,25 Jul 2024,6-Stablecoins,Stable,Ethena,5000,0.39784148110573786,12080857.610980649,654359.4995517964,940366.7998925567,5739.995610103477,8248.831578004883,2245097.5051041697,0.24922266472499074,0.18583924895063197
Puffer ETH 26JUN2025,0.0005,13 Nov 2024,26 Jun 2025,2-Restaking,ETH,Puffer Finance,1,0.04609274485755485,12069925.93593182,4873.989745085806,8976.184830597711,78.61273782396462,144.77717468705984,344395.4984642721,0.004378127010992073,0.02853335640105435
Super Symbiotic LRT 26JUN2025,0.0015,18 Dec 2024,26 Jun 2025,2-Restaking,ETH,Ether.fi,1,0.05020168455970185,11842266.951404344,3034.7242609910318,5018.246761137124,68.97100593161436,114.05106275311645,148361.91839497755,0.0035152592046534532,0.01252816872004255
Renzo ezETH 27JUN2024,0.01,6 Mar 2024,27 Jun 2024,2-Restaking,ETH,Renzo,42161,0.3671737235934908,11043465.382157477,502520.0697281643,782965.2159948766,4447.0802630811,6928.8957167688195,8268966.53986724,0.22900845423998045,0.7487655598782522
Treehouse ETH 29MAY2025,0.0025,6 Feb 2025,29 May 2025,1-Staking,ETH,Treehouse,1,0.12064450297463515,10655546.090019882,4800.589001815827,5388.958059005557,2400.2945009079135,2694.4790295027783,3155505.5286695007,0.09229792987237495,0.2961373825434425
mPendle 26SEP2024,0.001,18 Sept 2023,26 Sept 2024,8-Other,Other,Penpie,42161,0.07759922950375125,9162600.315916242,13309.967259782878,28177.766735127272,37.92013464325606,80.2785377069153,62120.376155451224,0.003197964033433231,0.006779775829307175
USD0++ 24APR2025,0.005,10 Dec 2024,24 Apr 2025,7-RWA,Stable,Usual,1,0.22232151631179103,9144143.167061474,30508.880389695794,44942.379326648996,554.7069161762872,817.1341695754363,357167.90525264526,0.032616940313160044,0.03905974553627022
Super Symbiotic LRT 29AUG2024,0.003,19 Jun 2024,29 Aug 2024,2-Restaking,ETH,Ether.fi,1,0.14273235072247598,9062378.440894108,91355.49317705834,128615.18871565194,1305.0784739579763,1837.3598387950276,5359476.913646886,0.0740022440614408,0.5913984886640986
rswETH 26DEC2024,0.001,3 Sept 2024,26 Dec 2024,2-Restaking,ETH,Swell,1,0.04697588679441249,8962482.594813537,1658.7537091806003,2653.212623664169,16.926058256944902,27.073598200654786,212379.80983961228,0.0011025810358569052,0.023696538051020986
Kelp Gain 26JUN2025,0.001,13 Nov 2024,26 Jun 2025,2-Restaking,Stable,Kelp DAO,1,0.05723022275569515,8738329.035416601,5174.713801839479,8690.710476994795,77.23453435581312,129.7120966715641,164901.54404019887,0.00541807422142507,0.01887106143197973
rsETH 25APR2024,0.001,13 Feb 2024,25 Apr 2024,2-Restaking,ETH,Kelp,42161,0.40352168960312157,8716600.233084194,52254.018129988755,156147.89342516914,735.9720863378698,2199.2661045798473,7189923.393297528,0.09209234181978926,0.8248540946053594
Concrete USDe Vault 10APR2025,0.004999998,9 Jan 2025,10 Apr 2025,1-Staking,Stable,Ethena,1,0.25519790277226123,8561074.226187993,26897.029178678426,26924.078331399247,927.4837647820146,928.4164941861809,800265.3252886141,0.03958288544460458,0.0934772090680669
USD0++ 27FEB2025,0.0035,10 Dec 2024,27 Feb 2025,7-RWA,Stable,Usual,1,0.2589667612516716,8559582.218744555,50986.08128423059,55446.870719906205,894.4926541093085,972.7521178930913,1109433.8788222147,0.041480356629257836,0.12961308746969857
Kelp rsETH 26SEP2024,0.003,20 May 2024,26 Sept 2024,2-Restaking,ETH,Kelp DAO,1,0.0936528318033333,8509418.880514333,17654.45723053592,26268.923274624023,141.23565784428737,210.15138619699218,247116.21829055186,0.009014159138122708,0.029040316590410398
Mellow ENA 27MAR2025,0.005,24 Sept 2024,27 Mar 2025,6-Stablecoins,Other,Ethena,1,0.4888515703869465,8474633.184104197,101166.17535545479,187378.37771363693,749.3790767070725,1387.9879830639773,474216.09353771136,0.05978024096294888,0.05595712324483788
weETH 27JUN2024,0.01,3 Apr 2024,27 Jun 2024,2-Restaking,ETH,Ether.fi,42161,0.3098556581912431,8316239.142876507,360609.1318122888,407368.79770164954,4292.9658549082,4849.628544067256,3932760.992537641,0.2128503507623138,0.4729013830616392
ether.fi weETH 26JUN2025,0.0005,7 Nov 2024,26 Jun 2025,2-Restaking,ETH,Ether.fi,1,0.037113752167003994,8052014.864967089,3855.03067743827,6197.446672644694,55.87000981794594,89.81806771948833,238475.02452058526,0.004071477172781804,0.0296168137441162
swETH 26DEC2024,0.0005,18 Jul 2023,26 Dec 2024,2-Restaking,ETH,Swell,1,0.03833520846144654,8009341.851188643,25162.292280457015,41397.701743556645,54.81980888988456,90.19107133672472,82339.4399856797,0.004110168057443948,0.01028042522288644
rswETH 26JUN2025,0.0005,15 Nov 2024,26 Jun 2025,2-Restaking,ETH,Swell,1,0.04636888926373429,7808746.974146706,2001.3541189124194,5813.628882054998,43.507698237226506,126.383236566413,185704.30552942143,0.005907462682485183,0.02378157547481734
Syrup USDC 24APR2025,0.0035,21 Jan 2025,24 Apr 2025,3-Lending,Stable,Syrup,1,0.15166090186221032,7717402.671002073,3023.559685572315,3858.3297093332408,201.570645704821,257.22198062221605,261197.31133702528,0.012165494911893478,0.033845235563315486
King Karak LRT 26SEP2024,0.001,10 Jul 2024,26 Sept 2024,2-Restaking,ETH,Ether.fi,1,0.09752450500557375,7639386.5237027425,16682.81440483089,41519.39791508164,213.88223595937038,532.2999732702774,1518077.9189096622,0.02543260373602368,0.19871725487374126
mPendle 27MAR2025,0.0015,20 Dec 2024,27 Mar 2025,8-Other,Other,mPendle,42161,0.047189885523507516,7580184.40030796,622.4064200549061,877.9615947590706,12.966800417810544,18.290866557480637,39079.35091515621,0.0008807392987971646,0.005155461773933697
USUALX 27MAR2025,0.02,20 Dec 2024,27 Mar 2025,6-Stablecoins,Other,Usual,1,1.4148332320964252,7557514.454127188,410948.9924087355,420511.112234316,8218.97984817471,8410.22224468632,1113853.3581525686,0.4061826329202868,0.14738355644748902
GLP 28MAR2024,0.001,23 Feb 2023,28 Mar 2024,5-Derivative,Other,GMX,42161,0.15949758694681174,7552549.247255526,40354.27536882145,87657.45219499564,101.90473577985215,221.35720251261526,246929.32210627123,0.01069776260597895,0.032694831112289845
Mellow sUSDe 27MAR2025,0.002,24 Sept 2024,27 Mar 2025,2-Restaking,Stable,Mellow Protocol,1,0.17804426463850143,7511863.6612475,7212.348214624774,14736.840827583113,62.17541564331702,127.04173127226822,98534.82477185418,0.006172933110273884,0.013117227523734162
Zircuit Staking USDe 27JUN2024,0.01,5 Apr 2024,27 Jun 2024,6-Stablecoins,Stable,Ethena,1,0.45868631568779633,7386920.062884927,344174.5250681361,444019.4825589978,4469.79902685891,5766.486786480491,3694725.0290249116,0.2849316980754454,0.5001712483107545
Kelp rsETH 26JUN2025,0.0005,6 Nov 2024,26 Jun 2025,2-Restaking,ETH,Kelp,1,0.037202893890619836,7197648.70095003,1920.4814192237618,6464.035255499394,29.09820332157215,97.93992811362719,108318.82364888999,0.004966632194310272,0.01504919566782869
Renzo ezETH 26SEP2024,0.003,14 May 2024,26 Sept 2024,2-Restaking,ETH,Renzo,42161,0.08891578440167792,6977605.236325635,34259.26226221671,48320.62929168967,253.7723130534571,357.9305873458494,427751.0449021128,0.018723424435233834,0.061303417206125
Renzo ezETH 26SEP2024,0.003,14 May 2024,26 Sept 2024,2-Restaking,ETH,Renzo,1,0.09187883675792523,6756284.838384347,18167.138132278866,28288.239902173464,152.66502632167115,237.71630169893666,237512.1259069374,0.012842331576544448,0.03515424994481649
King Karak LRT 26DEC2024,0.001,3 Sept 2024,26 Dec 2024,2-Restaking,ETH,Ether.fi,1,0.06111336162934826,6492482.629542116,2873.334095154018,7421.268732222505,31.57509994674745,81.55240365079675,228239.20805661514,0.0045847835151836425,0.0351543810095202
mPendle SY 26DEC2024,0.001,16 Oct 2024,26 Dec 2024,8-Other,Other,Penpie,42161,0.05163812231578821,6444374.052293762,876.1117513391221,2959.5683007193134,12.33960213153693,41.68406057351145,189290.75175103312,0.0023609247361916063,0.029373023697104983
Concrete sUSDe Vault 10APR2025,0.004999998,9 Jan 2025,10 Apr 2025,6-Stablecoins,Stable,Ethena,1,0.2480663466755555,6356702.532761688,22089.229035742606,22110.044760036202,761.6975529566416,762.4153365529725,682802.5095466037,0.04377766560690936,0.1074145763511067
Concrete WBTC Vault 10APR2025,0.003,14 Jan 2025,10 Apr 2025,1-Staking,BTC,Concrete,1,0.14971011145109536,6247227.9664778635,11642.53791165886,11695.244968538853,506.1973005069069,508.4889116756023,823558.1928579347,0.029708929105437116,0.1318277798212397
Ethena USDe 24OCT2024,0.001,17 Jul 2024,24 Oct 2024,6-Stablecoins,Stable,Ethena,1,0.11911657994048608,6199194.44284803,9044.645114063835,29902.376329724575,92.29229708228402,305.1262890788222,665388.3770548605,0.017965414142196854,0.10733465181472324
Ethena USDe 4APR2024,0.003,27 Feb 2024,4 Apr 2024,6-Stablecoins,Stable,Ethena,1,1.5336672807451899,6133934.0030293325,106366.65385042038,453315.3943212044,2874.77442838974,12251.767414086606,15032211.88781662,0.7290419335997257,2.4506641056771628
rswETH 26SEP2024,0.001,24 Jun 2024,26 Sept 2024,2-Restaking,ETH,Swell,1,0.0893863516283917,6101171.488838387,5242.448039429868,11975.032988582696,57.60931911461393,131.59376910530435,421172.88685610826,0.007872541496548051,0.06903147823768123
Karak WEETH 26DEC2024,0.001,3 Sept 2024,26 Dec 2024,2-Restaking,ETH,Ether.fi,1,0.05909390576586643,6061039.975289358,2198.7154401081934,4135.93788671449,29.316205868109247,55.145838489526525,226276.18127577554,0.0033209203586742945,0.03733289702729159
gUSDC 26DEC2024,0.001,30 Jul 2024,26 Dec 2024,5-Derivative,Stable,Gains Network,42161,0.09504255684695012,6043918.638898679,4778.846635335131,9444.425162343452,32.28950429280494,63.81368352934765,176397.62715698857,0.003853790211255416,0.029185969847723113
stETH 26DEC2024,0.0005,24 Mar 2023,26 Dec 2024,1-Staking,ETH,Lido,1,0.0409191437859099,5973268.816678828,20296.987802350817,39949.11337872155,43.64943613408778,85.91207178219689,44899.13597840583,0.005249706176447799,0.007516677610931633
Swell L2 Deposit RswETH 25JUL2024,0.003,14 May 2024,25 Jul 2024,2-Restaking,ETH,Swell,1,0.16553545403453424,5951411.367705439,19233.875519795904,32942.214558445055,274.76965028279864,470.60306512064363,1269351.869690075,0.028862081304129487,0.21328585628915656
rETH 26JUN2025,0.001,6 Jun 2023,26 Jun 2025,1-Staking,ETH,Rocketpool,42161,0.03188226010828807,5921635.811183589,30056.39271790247,35780.15406197462,49.11175280703018,58.46430402283435,35226.19771757265,0.0036036446091522326,0.005948727486929292
Silo crvUSD 27JUN2024,0.0005,9 Jan 2024,27 Jun 2024,3-Lending,Stable,Silo,1,0.18642154315047976,5818617.373879807,8121.7417484834305,83990.72585375744,53.432511503180464,552.5705648273515,516409.22238519613,0.03466257414817761,0.08875119108250602
rsETH 26DEC2024,0.001,30 Aug 2024,26 Dec 2024,2-Restaking,ETH,Kelp,42161,0.0508250859102712,5758971.268884239,2901.04046041988,4598.994996531442,25.226438786259827,39.99126083940384,241806.87994455636,0.002534621119790798,0.04198786009769498
aUSDC 27JUN2024,0.0005,11 Dec 2023,27 Jun 2024,3-Lending,Stable,AAVE,42161,0.09294260404186894,5723375.394849006,23200.31017065507,50831.582848115904,117.76807193225923,258.02833933053756,674429.7872196838,0.016455384691419665,0.11783776891983451
Mellow pzETH 26SEP2024,0.003,2 Jul 2024,26 Sept 2024,2-Restaking,ETH,Mellow Protocol,1,0.12540032535931805,5657387.3394053485,36630.326577672764,48248.07454008701,425.93402997293913,561.0241225591512,1145317.2764650017,0.03619582546660383,0.20244632508853225
rsETH 26SEP2024,0.003,20 May 2024,26 Sept 2024,2-Restaking,ETH,Kelp,42161,0.08893264295926959,5590970.288675282,23210.756377849462,33393.04901391501,182.76186124290916,262.9373938103544,360778.8180282192,0.01716556228802978,0.0645288383590573
sfrxETH 26DEC2024,0.0005,5 Apr 2023,26 Dec 2024,1-Staking,ETH,Frax,1,0.048687293476420646,5529152.171209493,13026.472235373043,24515.485517408648,39.11853524136049,73.6200766288548,40160.12513317001,0.004859936412937234,0.007263342351524583
USDa saving token 24APR2025,0.005,24 Jan 2025,24 Apr 2025,6-Stablecoins,Stable,Avalon,1,0.2446134300402993,5478600.712020722,6337.515676801464,6521.517475743489,422.5010451200976,434.7678317162326,364567.7402843652,0.028965472557297155,0.0665439515393883
BTC-Zerolend eBTC 27MAR2025,0.001,13 Nov 2024,27 Mar 2025,3-Lending,BTC,Zerolend,1,0.06635272826255165,5322980.91515007,4012.3393399646475,7582.529905771678,50.789105569172754,95.98139121229973,212156.5213003054,0.006581501671888244,0.03985671274839131
swETH 27JUN2024,0.0005,25 Sept 2023,27 Jun 2024,2-Restaking,ETH,Swell,1,0.03544829943717456,5290232.637612773,15804.79224353298,24890.96546507086,63.729000981987824,100.36679623012444,224632.95176045696,0.006924814678948889,0.042461828646882145
Kelp rsETH 26DEC2024,0.001,20 Aug 2024,26 Dec 2024,2-Restaking,ETH,Kelp DAO,1,0.05055380396468231,5227274.596966625,1886.149755452359,5074.173710038614,17.96333100430818,48.32546390512966,179619.4271812698,0.003374376837904801,0.034361965083200816
Zircuit Ether.fi weETH 22AUG2024,0.003,24 Jun 2024,22 Aug 2024,2-Restaking,ETH,Ether.fi,1,0.08615552213215166,5212444.023130184,28754.311468345026,38543.84619680593,495.76399083353493,664.5490723587229,1892779.1249680016,0.046534871230189484,0.3631269931281386
mETH 26DEC2024,0.001,6 Aug 2024,26 Dec 2024,1-Staking,ETH,Mantle,5000,0.06989572298362359,5079431.210925549,8009.4907851445405,16543.98331860342,56.80489918542227,117.33321502555617,233439.90351494358,0.008431381724829849,0.04595788264891322
Stader Staking ETHx 26DEC2024,0.0005,20 Sept 2023,26 Dec 2024,1-Staking,ETH,Stader,1,0.034335334591683773,4955151.665292553,3667.8508597203336,4766.885492955496,14.730324737832666,19.144118445604402,27068.90712003845,0.0014101693963454213,0.00546278074789065
ether.fi weETH 25JUL2024,0.001,18 Jun 2024,25 Jul 2024,2-Restaking,ETH,Ether.fi,1,0.07992324863779181,4895948.136847115,4392.186806800718,7721.000081698732,118.70775153515454,208.67567788374953,2609109.5571741713,0.015557072971083026,0.5329120089197639
ePendle 26SEP2024,0.0005,31 Oct 2023,26 Sept 2024,8-Other,Other,Equilibria,1,0.10153726821672032,4782256.43746499,1738.2445429027068,5106.42018739696,9.39591644812274,27.60227128322681,48116.19861081948,0.0021067103259979755,0.010061400771792413
Silo crvUSD 28MAR2024,0.0005,11 Oct 2023,28 Mar 2024,3-Lending,Stable,Silo,1,0.10497634639753181,4779538.98885908,20959.468246951226,60860.81732612122,143.55800169144675,416.8549131926111,660457.0268774021,0.03183404166593548,0.13818425342211912
Amphor LRT 26SEP2024,0.003,22 Jul 2024,26 Sept 2024,2-Restaking,ETH,Amphor,1,0.13209527975376395,4736526.272124198,3633.077176574556,7400.048118660725,59.55864223892714,121.31226424033976,241188.3859347863,0.009348407230066125,0.05092094334074497
gDAI 28MAR2024,0.001,7 Mar 2023,28 Mar 2024,5-Derivative,Stable,Gains Network,42161,0.10551541227354702,4716362.825831593,20980.722647008166,52857.275932150405,54.6372985599171,137.64915607330835,216371.86371063182,0.010652688061143575,0.0458768486863563
rsETH 27JUN2024,0.01,3 Apr 2024,27 Jun 2024,2-Restaking,ETH,Kelp,42161,0.3252486153472325,4707793.961107544,150574.198508379,176363.31731962538,1792.549982242607,2099.5633014241116,1376566.9106584806,0.1627812540970917,0.2924016900549813
Zircuit Staking rsETH 22AUG2024,0.003,24 Jun 2024,22 Aug 2024,2-Restaking,ETH,Kelp,1,0.10875573320262438,4699389.063456917,17171.19684612376,29215.733577201434,296.05511803661653,503.7195444345075,1065369.1215032733,0.039123731028847336,0.22670374959752262
weETH 26JUN2025,0.0005,7 Nov 2024,26 Jun 2025,2-Restaking,ETH,Ether.fi,42161,0.038734644029666344,4501970.23424528,2299.7896275551448,3973.375415467453,24.997713342990703,43.18886321160275,105589.45431326424,0.003501563593717919,0.02345405429606655
Bedrock UniETH 27JUN2024,0.01,23 Feb 2024,27 Jun 2024,2-Restaking,ETH,Bedrock,1,0.3255389019226054,4365382.785939178,29604.852351900226,134357.47343333473,250.88857925339175,1138.622656214701,380446.1785636527,0.09520293864194386,0.08715070297822751
Karak sUSDe 26SEP2024,0.003,28 May 2024,26 Sept 2024,6-Stablecoins,Stable,Ethena,1,0.23171336186580443,4301808.938773172,29990.129814753804,62589.68546868632,260.7837375195983,544.2581345103158,481886.8804368732,0.0461792287671705,0.1120195915940195
Ethena sUSDE 25APR2024,0.003,5 Mar 2024,25 Apr 2024,6-Stablecoins,Stable,Ethena,1,0.8475803644280877,4250322.583480251,45235.07741213421,236377.32806137574,886.9623021987101,4634.849569830897,3983963.840676496,0.39802157595366844,0.937332111252211
Karak USDE 26SEP2024,0.003,28 May 2024,26 Sept 2024,6-Stablecoins,Stable,Ethena,1,0.23193463653651986,4247200.690687544,26962.44253164846,64996.09475689053,224.6870210970705,541.6341229740877,370413.16051893396,0.046547471919331104,0.0872134818896375
ENA 29AUG2024,0.01,10 Apr 2024,29 Aug 2024,6-Stablecoins,Other,Ethena,1,0.7864492060810909,4126799.266946101,676892.9644067823,859175.0166741079,4977.15415004987,6317.463357897852,1994277.283034781,0.5587560664997162,0.48325037251220093
rsETH 26JUN2025,0.0005,6 Nov 2024,26 Jun 2025,2-Restaking,ETH,Kelp,42161,0.037474342099762296,4041599.996023889,2215.632003727971,3312.5252551756003,23.82400004008571,35.61855113092043,96414.943499576,0.0032167387112965328,0.02385563727098888
Ethena USDe 26DEC2024,0.001,17 Jul 2024,26 Dec 2024,6-Stablecoins,Stable,Ethena,1,0.1537911681928566,4030895.188357826,10703.120269575798,46691.53743590143,69.50078097127142,303.1918015318275,600891.9569538252,0.02745420121037721,0.14907159052146596
Amphor LRT 26DEC2024,0.002,26 Aug 2024,26 Dec 2024,2-Restaking,ETH,Amphor,1,0.07494221564458203,3983449.082362273,2315.072165857845,4152.947395131217,26.610024894917757,47.73502753024387,90367.62690994193,0.004373919356892246,0.022685774323077813
Bedrock uniETH 26DEC2024,0.001,19 Jul 2024,26 Dec 2024,2-Restaking,ETH,Bedrock,42161,0.06053116020688543,3980437.566628532,2988.575471531011,4869.04173360187,19.281132074393618,31.413172474850775,99179.37133615503,0.002880539579228264,0.024916700658154246
Staked USDz 27MAR2025,0.0038,24 Dec 2024,27 Mar 2025,6-Stablecoins,Stable,Anzen,8453,0.19529616464591226,3899504.9396852376,2390.700588913741,2889.4565343418094,51.97175193290741,62.81427248569151,55227.765399097465,0.00587951799315532,0.014162763287473967
wstETH 28MAR2024,0.0003,5 Dec 2023,28 Mar 2024,1-Staking,ETH,Lido,42161,0.037198349067127476,3828171.0699035805,6693.907151842289,7197.568514592377,59.23811638798486,63.695296589313074,1209437.3512051501,0.006073078457197798,0.3159308529113387
wstETH 27JUN2024,0.001,22 Jun 2023,27 Jun 2024,1-Staking,ETH,Lido,42161,0.039044380321556285,3489927.9275101493,12909.358123271975,16634.455181193374,35.95921482805564,46.335529752627785,62559.28111672435,0.004846079549778887,0.01792566563440655
gUSDC 26JUN2025,0.002,19 Nov 2024,26 Jun 2025,5-Derivative,Stable,Gains Network,42161,0.0868399955380406,3219536.257863234,4709.151640765995,7121.236709891334,58.86439550957493,89.01545887364168,67178.80465322848,0.010091715044216604,0.020865987916475343
pumpBTC 29MAY2025,0.001,7 Jan 2025,29 May 2025,2-Restaking,BTC,PumpBTC,1,0.04310332722490299,3172898.9308604943,118.21871018,377.51971980999997,9.093746936923077,29.039978446923076,25343.70647786923,0.0033406649137267984,0.007987555554124122
Mellow rstETH 26DEC2024,0.002,26 Aug 2024,26 Dec 2024,2-Restaking,ETH,Mellow Protocol,1,0.07244764083998144,3093698.148955565,2784.6067340855675,7237.543453556485,39.78009620122239,103.39347790794977,188783.45986441488,0.012198546082830433,0.06102193904345462
Mellow amphrETH 26DEC2024,0.002,26 Aug 2024,26 Dec 2024,2-Restaking,ETH,Mellow Protocol,1,0.07341637618542324,2953772.6681935056,2037.9202412714426,4502.96643214733,26.466496639888867,58.48008353438091,88470.2735232666,0.0072264296842801876,0.0299516189840615
stETH 30DEC2027,0.0005,29 May 2023,30 Dec 2027,1-Staking,ETH,Lido,1,0.04170720375945674,2873204.9805301423,12233.598798782821,29029.1890485536,55.106300895418116,130.76211283132253,21176.281965259455,0.016611474470793332,0.007370264951076399
King Karak LRT 26JUN2025,0.0015,18 Dec 2024,26 Jun 2025,2-Restaking,ETH,Ether.fi,1,0.0477950818207095,2854410.9827826545,638.856830587386,1104.3445651186526,18.78990678198194,32.48072250348978,31233.668533963446,0.00415338358256187,0.010942246481799532
wstETH 26JUN2025,0.001,6 Jun 2023,26 Jun 2025,1-Staking,ETH,Lido,42161,0.03872733399968508,2793138.625608435,19173.06918918242,23511.804413438025,33.0001190863725,40.46782170987612,22322.137572325428,0.0052882283710094236,0.007991775763533023
Zircuit Staking ezETH 22AUG2024,0.003,24 Jun 2024,22 Aug 2024,2-Restaking,ETH,Renzo,1,0.09148554929885967,2780540.3617327483,19253.846970782088,42761.955012774924,331.9628788065877,737.2750864271538,1133036.7438435825,0.09678169403669898,0.4074879686830039
Staking USDS 27MAR2025,0.001,8 Oct 2024,27 Mar 2025,6-Stablecoins,Stable,Sky,1,0.11927643219991343,2772451.9375227005,2618.672032434708,5751.276621388512,39.67684897628345,87.1405548695229,101634.57328148969,0.011472264711573718,0.03665873226004572
sDAI 26SEP2024,0.0005,22 Aug 2023,26 Sept 2024,6-Stablecoins,Stable,Maker,1,0.07286117952472138,2755388.79787606,12932.535072408522,26150.16728651702,60.151325918179175,121.62868505356752,83117.51758530155,0.016111871427644926,0.030165440771687518
gDAI 26SEP2024,0.001,18 Mar 2024,26 Sept 2024,5-Derivative,Stable,Gains Network,42161,0.13125317129025207,2610908.113066002,3193.81603901663,7458.174453475298,16.809558100087525,39.25354975513315,63110.84578703637,0.0054875717720294205,0.02417199037806237
wbETH 26DEC2024,0.001,28 Jun 2023,26 Dec 2024,1-Staking,ETH,Binance,56,0.036501142780710566,2552974.464472243,10662.974054680939,13479.043443766048,26.79139209718829,33.866943326045345,26691.38607916872,0.004841973347572021,0.010455014905402285
sDAI 28MAR2024,0.0005,4 Sept 2023,28 Mar 2024,6-Stablecoins,Stable,Maker,1,0.04829170599304044,2537177.360616347,9178.36750521811,12169.968846139445,67.48799636189787,89.48506504514297,168868.77098973526,0.01287338017770375,0.06655773207305957
stk GHO 24APR2025,0.002,29 Oct 2024,24 Apr 2025,3-Lending,Stable,AAVE,1,0.13821750056257487,2441865.732535677,3915.812660840563,9301.422224939726,59.33049486122065,140.93063977181404,76900.38716910909,0.02106572971286846,0.03149247157387902
wstETH 28DEC2023,0.001,18 Jul 2023,28 Dec 2023,1-Staking,ETH,Lido,42161,0.037438242012060315,2404638.116694979,4472.322375392311,5461.6032602839105,27.606928243162415,33.713600372122905,119843.24962894159,0.005117387123821333,0.04983837226769842
Moonwell cbBTC 26JUN2025,0.0005,1 Dec 2024,26 Jun 2025,3-Lending,BTC,Moonwell,8453,0.031170589196864027,2358700.237548604,103.468298044501,211.54405635935848,3.3376870336935807,6.824001818043822,12887.277554097815,0.0010559886432091267,0.005463719954296335
ether.fi EIGEN 27MAR2025,0.002,22 Oct 2024,27 Mar 2025,2-Restaking,Other,Ether.fi,1,0.10430980270185689,2306511.556241937,3289.2988001858416,7398.049128148831,35.75324782810697,80.4135774798786,53013.47365491162,0.012725258497285842,0.02298426535581202
Kyber Elastic axlWstEth-wstETH 28MAR2024,null,null,null,null,null,null,42161,0.06979679366398006,2299292.969334404,772.70491234024,1661.8258456425194,17.561475280459998,37.76876921914817,39210.28609735752,0.0059955825329121555,0.017053192707629623
Ethena USDe 29AUG2024,0.01,5 Apr 2024,29 Aug 2024,6-Stablecoins,Stable,Ethena,42161,0.32510751984016495,2185512.9221324218,82483.58300301468,118950.21234850191,580.8703028381315,837.6775517500134,329116.19904838904,0.1398995646708096,0.15058991219656934
Moonwell USDC 26JUN2025,0.002,1 Dec 2024,26 Jun 2025,3-Lending,Stable,Moonwell,8453,0.10932777385994152,2070877.6097373602,946.801834662715,1184.8609162974374,15.521341551847787,19.423949447498973,15542.609439958676,0.0034235444504305042,0.007505324972792513
Bedrock UniETH 26JUN2025,0.0005,13 Nov 2024,26 Jun 2025,2-Restaking,ETH,Bedrock,1,0.04734054062927611,1981835.3016949794,261.61971411252404,530.0903976915262,9.34356121830443,18.931799917554507,40688.13794872287,0.0034867211034123142,0.02053053445658377
Ethena USDe 28NOV2024,0.001,13 Aug 2024,28 Nov 2024,6-Stablecoins,Stable,Ethena,42161,0.08626071698043886,1981346.8984165508,3310.2059384504005,8225.642968346112,31.228357909909437,77.60040536175578,186099.58081906807,0.014295400759794704,0.09392579409885002
Stargate USDT Arbitrum,0.001,24 Mar 2023,27 Jun 2024,8-Other,Stable,Stargate,42161,0.0366822523636725,1980178.9409248906,10627.69998623204,15225.454425458127,38.09211464599298,54.57152123820117,35343.072141194425,0.010058992568944278,0.017848423397880692
GLP 26SEP2024,0.001,19 Mar 2024,26 Sept 2024,5-Derivative,Other,GMX,42161,0.1703496722366875,1946533.2557367708,3323.986822205825,10668.775234098266,17.68078096917992,56.74880443669291,62735.65654046274,0.01064113010057608,0.03222942960546391
PENDLE-ETH_Camelot 27JUN2024,0.001,9 May 2023,27 Jun 2024,4-DEX,ETH,Camelot,42161,0.16245526659704967,1850658.0794298376,2367.078470049286,7830.308519017567,5.873643846276144,19.43004595289719,11010.892318601407,0.0038321323920582936,0.005949717260572364
Stafi rETH-WETH_BalancerLP Aura 27JUN2024,0.0005,19 Apr 2023,27 Jun 2024,4-DEX,ETH,Balancer,1,0.07159490518650462,1721962.9297634119,3191.56809404501,9074.238089175622,21.711347578537485,61.729510810718516,27544.938361262713,0.01308464372633615,0.015996243522528812
Karak USDE 30JAN2025,0.001,23 Sept 2024,30 Jan 2025,6-Stablecoins,Stable,Ethena,1,0.12149190925062935,1686081.839797779,377.56968005552295,1497.3454688557033,5.808764308546507,23.036084136241588,30617.35798841142,0.004986810551696958,0.01815888011229842
Aerodrome VIR/CBBTC 26JUN2025,0.007499995,31 Dec 2024,26 Jun 2025,4-DEX,Other,Aerodrome,8453,0.39037127211396977,1648106.8950561578,3249.1421275039165,3516.5198783033975,87.81465209470045,95.04107779198371,24825.44354344035,0.021048388000883902,0.015063005693325762
Bedrock UniETH 26SEP2024,0.003,22 May 2024,26 Sept 2024,2-Restaking,ETH,Bedrock,1,0.1282308802460283,1634905.6841847072,4314.515744392319,8113.2276025632955,37.19410124476137,69.94161726347669,83299.59466699851,0.015614778606571181,0.050950703439836806
Lista collateral BNB 24APR2025,0.0024,4 Feb 2025,24 Apr 2025,1-Staking,Other,Lista,56,0.15782418609463916,1595090.9776818256,23.768311888935997,23.768311888935997,5.942077972233999,5.942077972233999,11661.01493472226,0.0013597083114453136,0.007310564160841422
Ethena USDe 26DEC2024,0.001,17 Jul 2024,26 Dec 2024,6-Stablecoins,Stable,Ethena,5000,0.13266301201871467,1578566.1335454453,1602.38365790533,3854.292523567536,9.952693527362298,23.939705115326312,57050.78307967031,0.0055353983475298855,0.03614088878971119
Mellow Re7LRT 26DEC2024,0.002,26 Aug 2024,26 Dec 2024,2-Restaking,ETH,Mellow Protocol,1,0.06797298221299335,1470680.654356195,1359.9382834467585,2936.6580979776786,19.9990924036288,43.186148499671745,70115.06977372018,0.010718128477239387,0.047675251296763504
Mellow Re7LRT 26SEP2024,0.001,22 Jul 2024,26 Sept 2024,2-Restaking,ETH,Mellow Protocol,1,0.12300463829550237,1435843.723014903,2581.2950665428193,7906.609317055765,43.7507638397088,134.01032740772484,445165.21117116825,0.034066220940196186,0.31003736969120543
sETH-wstEthSilo 26DEC2024,0.0005,17 Feb 2024,26 Dec 2024,3-Lending,ETH,Silo,42161,0.04427072021083004,1417087.0238451636,4464.332218721203,9222.914585615728,16.534563773041494,34.15894290968788,47641.37369417076,0.008798340505726322,0.033619229371601556
Coinbase Wrapped Staked ETH 25DEC2025,0.0005,22 Nov 2024,25 Dec 2025,1-Staking,ETH,Coinbase,8453,0.026594392999264624,1372168.7946212776,765.8460846559682,940.7880483769393,13.204242838896004,16.22048359270585,25272.981679920234,0.004314685288388083,0.01841827461678696
wstETH-ankrETH_BalancerLP Aura 27JUN2024,0.0005,10 Jul 2023,27 Jun 2024,4-DEX,ETH,Balancer,1,0.04310776730093767,1333822.6742553648,1979.7143387747885,4513.361567838549,23.290756926762217,53.09837138633586,80339.64270860518,0.014530346447163523,0.06023262631478095
eUSD 26DEC2024,0.0005,11 Sept 2023,26 Dec 2024,6-Stablecoins,Stable,Lybra,1,0.06244088511765284,1328611.273462564,5771.423300529363,11706.502736384738,45.44427795692412,92.17718690066724,46962.69866471461,0.025323188121880367,0.035347207721881393
Mellow Steakhouse steakLRT 26DEC2024,0.002,26 Aug 2024,26 Dec 2024,2-Restaking,ETH,Mellow Protocol,1,0.06832919296438988,1305545.2250967105,905.8565554047508,2120.933431843668,15.618216472495703,36.56781779040807,57683.54234935695,0.010223509103263903,0.04418348843111424
Mellow amphrETH 26SEP2024,0.001,22 Jul 2024,26 Sept 2024,2-Restaking,ETH,Mellow Protocol,1,0.12326768942351246,1301168.1954372101,1918.5899663234982,7915.427923760622,30.453808989261876,125.64171307556543,278927.52925900934,0.03524465586647087,0.21436700515515283
stETH 29JUN2023,0.0005,23 Nov 2022,29 Jun 2023,1-Staking,ETH,Lido,1,0.047031136051376966,1284284.4289936924,3251.8632532163583,6471.752458975771,21.393837192212885,42.57731880905113,71141.41489907513,0.012100685030870207,0.055393815647845505
Mellow ENA 26SEP2024,0.003,1 Jul 2024,26 Sept 2024,6-Stablecoins,Other,Ethena,1,0.7546846288482735,1233844.756908791,6136.789196599728,23953.60970859445,71.35801391395033,278.53034544877266,189381.763679461,0.08239575969306266,0.1534891343655972
sETH-pteETHSilo 26SEP2024,0.001,12 Jun 2024,26 Sept 2024,3-Lending,ETH,Silo,42161,0.05796337844274217,1232123.6220030067,265.713429214676,827.1081034905451,2.5797420312104467,8.030175762044127,14262.187984910759,0.0023788312315458178,0.01157528979253346
Bedrock uniETH 26JUN2025,0.0005,14 Nov 2024,26 Jun 2025,2-Restaking,ETH,Bedrock,42161,0.043486480093969354,1222590.3264353394,546.2040800943599,1072.068212147512,6.5024295249328565,12.762716811279905,28133.665924368437,0.0038102637779733307,0.02301152341553095
HLP 26DEC2024,0.001,4 Jun 2024,26 Dec 2024,5-Derivative,Other,HMX,42161,0.20135089783667146,1220534.7809919454,546.7782903236412,3985.902697485375,2.8930068271092124,21.08943226182738,31699.477549881944,0.006306778713271096,0.02597179371170344
sETH-ptezETHSilo 26SEP2024,0.001,12 Jun 2024,26 Sept 2024,3-Lending,ETH,Silo,42161,0.07046129416296465,1193253.1526787835,307.7406645111369,892.9788003142861,3.14021086235854,9.112028574635573,19503.27543810108,0.002787246295788578,0.016344625106849597
ether.fi eBTC 26JUN2025,0.0015,19 Dec 2024,26 Jun 2025,2-Restaking,BTC,Ether.fi,1,0.05719374013402454,1178293.7946564953,2061.4055784600005,2850.6658647500003,55.713664282702716,77.04502337162162,81065.10814673,0.02386623239311895,0.06879872279252958
Mellow amphrETH 25JUL2024,0.003,19 Jun 2024,25 Jul 2024,2-Restaking,ETH,Mellow Protocol,1,0.2948675837607952,1163332.1361143051,3186.061733467678,6780.141715474078,96.54732525659631,205.45883986285085,816963.9695521375,0.06446351323227956,0.7022620145962042
spSILO 27MAR2025,0.005,6 Nov 2024,27 Mar 2025,3-Lending,Other,Silo,42161,0.36353487155956676,1159281.5165116142,3717.583373622683,5279.038024862542,39.97401477013638,56.76384972970476,28623.89929337098,0.017872108591610297,0.024691068464114698
Mellow rstETH 26SEP2024,0.001,22 Jul 2024,26 Sept 2024,2-Restaking,ETH,Mellow Protocol,1,0.11866353638393906,1144850.9317359363,1708.6525387074462,6685.795956870301,29.459526529438726,115.27234408397071,298598.44046584994,0.03675099039038377,0.26081862030114733
Dolomite WBTC 26JUN2025,0.0005,29 Oct 2024,26 Jun 2025,3-Lending,BTC,Dolomite,42161,0.03842515208785239,1142052.8411425787,1090.9738671071684,3425.4426823049066,11.247153269146066,35.313842085617594,43156.14383909674,0.011286301208580629,0.03778821984797194
Aave Arbitrum USDCn 26JUN2025,0.002,16 Dec 2024,26 Jun 2025,3-Lending,Stable,AAVE,42161,0.08017511876765437,1131978.6081649323,922.5457783537161,1324.6336740511763,17.406524119881436,24.993088189644837,18581.041562244856,0.008058877723854654,0.016414657863867997
Swell L2 Deposit RswETH 26SEP2024,0.001,23 Jul 2024,26 Sept 2024,2-Restaking,ETH,Swell,1,0.10352797123370551,1121714.336353298,1414.4973084549945,2650.9305754505067,22.452338229444358,42.078263102388995,197127.65815235383,0.01369204755134253,0.17573784319563693
MUXLP 28MAR2024,0.001,7 Nov 2023,28 Mar 2024,5-Derivative,Other,MUX,42161,0.3877531175551562,1018019.163398415,1940.3916189155016,10668.520513015888,14.060808832721026,77.30811965953542,136140.7603564851,0.027718008354118917,0.1337310389148388
sETH-ptezETHSilo 27JUN2024,0.0005,30 Apr 2024,27 Jun 2024,3-Lending,ETH,Silo,42161,0.14545315848203066,996728.3428844386,120.223923556568,1094.6477235316015,2.109191641343298,19.2043460268702,54482.60068559181,0.007032594537767973,0.05466143415559375
sETH-pteETHSilo 25APR2024,0.0005,5 Mar 2024,25 Apr 2024,3-Lending,ETH,Silo,42161,0.2608879049861206,992340.8612801679,1234.459224634285,9986.40587590188,24.689184492685698,199.7281175180376,652565.3672705401,0.07346342949139292,0.6576020324595916
Savings USDS 27MAR2025,0.0005,15 Oct 2024,27 Mar 2025,6-Stablecoins,Stable,Sky,1,0.10187006587656965,987521.8897571658,1312.1626665950203,3365.688050077101,23.85750302900037,61.194328183220016,117566.39754063201,0.022618161702084177,0.11905194078233738
Dolomite USDC 26JUN2025,0.002,29 Oct 2024,26 Jun 2025,3-Lending,Stable,Dolomite,42161,0.12313103263431105,980921.1761802728,4452.849985867474,7041.101394784085,44.08762362245024,69.71387519588203,40865.42860324582,0.025940478261038753,0.041660257312801256
sETH-pteETHSilo 27JUN2024,0.0005,30 Apr 2024,27 Jun 2024,3-Lending,ETH,Silo,42161,0.13586723470968792,979846.3140462731,115.41922421948203,774.4392829870641,2.0248986705172287,13.586654087492352,61951.85388016463,0.005061129149382618,0.0632260926964501
Stargate USDT Ethereum,0.0005,24 Mar 2023,27 Jun 2024,8-Other,Stable,Stargate,1,0.036463985634354955,945418.8548166596,2422.001651036074,4721.447630117063,18.21053872959454,35.49960624148168,17714.92114815397,0.013705413438844063,0.018737643170433003
MUXLP 27JUN2024,0.001,19 Mar 2024,27 Jun 2024,5-Derivative,Other,MUX,42161,0.41241667561607065,934057.2136385198,1577.5553265321198,10005.628595568074,16.605845542443365,105.32240626913762,92495.55481069464,0.04115666334665505,0.09902557729883389
HLP 27JUN2024,0.001,11 Sept 2023,27 Jun 2024,5-Derivative,Other,HMX,42161,0.2603401527400841,924329.5394213814,2723.426260046544,11399.457796859157,10.3947567177349,43.50938090404258,30507.96164358869,0.017181019704202882,0.03300550327828567
ENA 31OCT2024,0.003,27 Jul 2024,31 Oct 2024,6-Stablecoins,Other,Ethena,1,0.39972129398889106,923409.7195257796,9714.41828313537,21673.827945745612,104.45611057134806,233.0519133951141,388318.21925533836,0.09211939899539022,0.4205264586718457
Bedrock UniETH 26DEC2024,0.001,3 Sept 2024,26 Dec 2024,2-Restaking,ETH,Bedrock,1,0.05130294752972699,870483.5209467338,232.424887171767,742.0697051685245,4.150444413781554,13.251244735152223,39459.27673314693,0.005556342207455215,0.04533029722404303
Mellow Re7LRT 25JUL2024,0.003,19 Jun 2024,25 Jul 2024,2-Restaking,ETH,Mellow Protocol,1,0.23358105228333312,852103.569252504,3892.2145487110283,12596.186527916028,111.20612996317224,359.89104365474367,653135.7353494397,0.1541599350994567,0.7664980630493003
oETH 26DEC2024,0.0005,4 Sept 2023,26 Dec 2024,1-Staking,ETH,Origin,1,0.05424319015706558,842800.8016609713,2513.3130903535302,5308.56046123895,25.133130903535303,53.085604612389496,25155.003573400947,0.02299030286318659,0.029846914625408612
Karak sUSDe 30JAN2025,0.001,23 Sept 2024,30 Jan 2025,6-Stablecoins,Stable,Ethena,1,0.18043249453671167,823008.6654514171,786.9238171554881,3234.2300490378957,11.923088138719518,49.00348559148327,49432.47683957426,0.02173278726182164,0.06006313045617902
Mellow Steakhouse steakLRT 26SEP2024,0.001,22 Jul 2024,26 Sept 2024,2-Restaking,ETH,Mellow Protocol,1,0.11771964792855652,816063.3577364172,890.1399655279272,2652.0959009312382,15.895356527284415,47.35885537377211,168837.48947835344,0.021182157056254047,0.20689262405638703
ankrBNB 26JUN2025,0.001,10 Jul 2023,26 Jun 2025,1-Staking,Other,Ankr,56,0.029895525089192135,756463.2764240296,3245.753108098862,5115.775987165913,9.574492944244431,15.090784622908297,6728.449724395647,0.007281432633980217,0.008894615157265171
Mellow rstETH 25JUL2024,0.003,19 Jun 2024,25 Jul 2024,2-Restaking,ETH,Mellow Protocol,1,0.4361455588145721,717157.6026687806,1886.8865650115529,4093.755766674833,60.86730854875977,132.05663763467203,535168.3888367667,0.06721071150509267,0.7462353976939353
aUSDT 26SEP2024,0.0005,11 Mar 2024,26 Sept 2024,3-Lending,Stable,AAVE,1,0.09166066344712842,690284.1223466918,685.8480152773436,15636.889490519534,7.070598095642718,161.2050462940158,36550.176044445274,0.08524003376650716,0.052949466547469175
sETH-ptrsETHSilo 26SEP2024,0.001,12 Jun 2024,26 Sept 2024,3-Lending,ETH,Silo,42161,0.04785193540057417,647991.538631864,149.05541079194595,561.8748843925334,1.447139910601417,5.455095964976053,11016.323973449611,0.0030727407821098795,0.017000721948791046
Tensorplex Staked TAO 27JUN2024,0.01,8 Apr 2024,27 Jun 2024,1-Staking,Other,Thena,1,0.2774720186898736,644624.6171780793,5690.091243175275,15316.139266586617,91.77566521250444,247.03450429978415,53118.60266923686,0.13987612583605716,0.08240238001112933
Thena frxETH-ETH 27JUN2024,0.001,28 Jun 2023,27 Jun 2024,4-DEX,ETH,Ethena,56,0.04656209081720649,638556.4984404953,1484.2967706710342,4062.519347801507,6.481645286773075,17.74025916070527,10732.787852150928,0.010140362848818172,0.016807890732242037
rETH-WETH_BalancerLP Aura 28DEC2023,0.0005,10 Jan 2023,28 Dec 2023,4-DEX,ETH,Balancer,1,0.07651883834618207,629780.1315985754,7521.590587876649,19483.5624634323,79.17463776712262,205.0901311940242,96940.08640388935,0.11886354321119415,0.15392687311018471
Fluid USDT 26JUN2025,0.002,17 Dec 2024,26 Jun 2025,3-Lending,Stable,Fluid,1,0.12813607007953395,629144.2156578207,609.7395692128671,1248.472227180314,29.0352175815651,59.451058437157805,30360.76280419649,0.034490718963177444,0.0482572390377171
Fluid USDC 26JUN2025,0.002,17 Dec 2024,26 Jun 2025,3-Lending,Stable,Fluid,1,0.13778808045838495,622491.4471533427,866.077107634934,1906.7382897539808,33.310657985959,73.33608806746079,34439.28546982302,0.043000867348510455,0.05532491350252938
Dolomite USDC 26SEP2024,0.001,12 Jun 2024,26 Sept 2024,3-Lending,Stable,Dolomite,42161,0.14940612933442088,614299.6292526112,1164.3012745333265,4660.377812781915,11.195204562820447,44.81132512290303,73067.5389968451,0.026625660982018386,0.1189444621442192
Staking MNT 3OCT2024,0.003,20 Aug 2024,3 Oct 2024,1-Staking,Other,Mantle,5000,0.474306794238623,583127.0108115383,1149.0455916764442,4110.270462659918,31.05528626152552,111.08839088270048,221687.45248210276,0.0695341870988895,0.38017009737480717
ARB-ETH_Camelot 27JUN2024,0.001,16 May 2023,27 Jun 2024,4-DEX,ETH,Camelot,42161,0.08083249992187874,577575.0232423444,1630.8913527627965,4465.343515295844,4.75478528502273,13.018494213690506,5459.313115092355,0.008227070418180554,0.009452128113929339
sUSDC-ARBSilo 1FEB2024,0.001,22 Nov 2023,1 Feb 2024,3-Lending,Stable,Silo,42161,0.0922762722869789,555458.0454205251,2375.2077746531795,5308.049538580506,33.45363062891802,74.76126110676769,244988.9184685975,0.04912677119171289,0.4410574668751476
fUSDC 26DEC2024,0.0005,22 Aug 2023,26 Dec 2024,7-RWA,Stable,Ondo,1,0.04327926975117398,554303.6304339396,2348.7767951089395,3449.4734298917565,16.3109499660343,23.95467659647053,19139.257227577225,0.015773768161804896,0.03452847171972147
sFRAX 28MAR2024,0.0005,23 Oct 2023,28 Mar 2024,6-Stablecoins,Other,Frax,1,0.055199084823368064,553313.7824291385,1701.093966678351,4218.20518707424,34.02187933356702,84.3641037414848,91921.46764216165,0.05565178176197971,0.16612900412241907
Mellow sUSDe 26SEP2024,0.003,1 Jul 2024,26 Sept 2024,2-Restaking,Stable,Mellow Protocol,1,0.19694383803192717,549741.1951000617,1346.0582488200541,4510.505986485545,20.708588443385448,69.3923997920853,73396.80182125367,0.04607299971307585,0.13351155502889733
Mellow Steakhouse steakLRT 25JUL2024,0.003,19 Jun 2024,25 Jul 2024,2-Restaking,ETH,Mellow Protocol,1,0.32834338137651387,539176.6262638042,2084.8518695737025,4686.77077015012,59.56719627353436,133.90773629000344,403157.42343964643,0.0906499305886777,0.7477279314448485
gDAI 27MAR2025,0.0020001,1 Sept 2024,27 Mar 2025,5-Derivative,Stable,Gains Network,42161,0.07017054685738665,532438.0827931521,819.7036105700018,1865.278581910162,7.520216610733962,17.112647540460202,7950.653430048552,0.011731160024281238,0.01493254086623499
Aave aUSDC 26DEC2024,0.001,6 Jun 2024,26 Dec 2024,3-Lending,Stable,AAVE,42161,0.07302805900551745,504733.29178731516,932.7526260657712,3333.3207244419154,4.883521602438592,17.45194096566448,24181.435391397918,0.012620444413149022,0.04790933307721557
MUXLP 26DEC2024,0.001,4 Jun 2024,26 Dec 2024,5-Derivative,Other,MUX,42161,0.20036807223480324,498202.94777680736,498.5492702612537,2629.361593878228,3.003308856995504,15.83952767396523,9232.487402670247,0.011604563214241278,0.018531579236673566
wstETH-WETH_BalancerLP Aura 27JUN2024,0.0005,7 Feb 2023,27 Jun 2024,4-DEX,ETH,Balancer,1,0.06233170957300588,464044.3129439854,7541.182077934452,17367.44980235749,88.71978915217002,204.32293885126458,68773.93758901086,0.1607128254790483,0.1482055391492591
Autocompounding Pirex ETH 27MAR2025,0.0005,20 Mar 2024,27 Mar 2025,1-Staking,ETH,Dinero,1,0.06633860205964823,459243.48394225753,476.971619912824,5865.881663946081,6.359621598837653,78.21175551928108,15813.173169339907,0.06216155865616367,0.034433092079164174
MUXLP 26JUN2025,0.002,19 Nov 2024,26 Jun 2025,5-Derivative,Other,MUX,42161,0.14069539912081871,448280.3244120594,209.79434368080405,482.73626172513093,4.370715493350084,10.057005452606894,4199.202199621634,0.00818864177234625,0.009367357813727568
Morpho Pendle WBTC 26JUN2025,0.001,26 Nov 2024,26 Jun 2025,3-Lending,BTC,Morpho,1,0.05095767463532946,441588.80685793655,171.264573892861,471.30217038336565,6.587098995879269,18.12700655320637,13960.986741552026,0.014983073142179691,0.03161535465740057
Aave Ethereum USDC 26JUN2025,0.002,16 Dec 2024,26 Jun 2025,3-Lending,Stable,AAVE,1,0.09180213695475675,402173.54193704634,538.1227862133911,1230.323468901806,19.930473563458932,45.56753588525208,20583.122906179695,0.041355655864404185,0.05117970418203603
wstETH 26SEP2024,0.001,11 Aug 2023,26 Sept 2024,1-Staking,ETH,Lido,10,0.04147219551131325,400624.66245280573,1840.953829340241,3279.600595165107,6.574835104786575,11.71285926844681,8195.337341701308,0.010671319151468153,0.020456397495665243
FRAXUSDC_CurveLP Convex 30MAR2023,0.0005,23 Nov 2022,30 Mar 2023,4-DEX,Stable,Convex,1,0.02495788117850569,396410.24946381804,1218.769849381911,1699.9294871899745,15.046541350393962,20.98678379246882,84712.51513454723,0.01932385980083064,0.2136991040194567
Staked ePENDLE 27MAR2025,0.0015,20 Dec 2024,27 Mar 2025,8-Other,Other,ePendle,42161,0.28683894999759674,373931.239527144,16.634565078499,16.676988901302884,0.66538260313996,0.6670795560521153,3406.425696160078,0.0006511465537538951,0.009109764940922522
ARB-GRAIL_Camelot 27JUN2024,0.001,22 May 2023,27 Jun 2024,4-DEX,Other,Camelot,42161,0.08850146369410458,364208.81864976924,1022.887264055929,2769.431005840323,2.720444851212577,7.365507994256178,5135.54342735246,0.007381508300293887,0.014100546621554777
stETH 30MAR2023,0.0005,23 Nov 2022,30 Mar 2023,1-Staking,ETH,Lido,1,0.04906390331870366,352607.96825800947,809.9655117396028,1762.676491355898,9.418203624879101,20.496238271580207,87047.02835845514,0.02121655675022268,0.24686631101530096
rETH 27JUN2024,0.001,11 Aug 2023,27 Jun 2024,1-Staking,ETH,Rocketpool,10,0.04814844676766586,317787.8983124687,1301.7407738541895,2050.834704168076,5.446614116544726,8.58089834379948,8725.687152548873,0.009855717955651051,0.027457581609886345
Aave Ethereum USDT 26JUN2025,0.002,16 Dec 2024,26 Jun 2025,3-Lending,Stable,AAVE,1,0.09528803738976224,301098.3036009743,256.264996735509,660.8104822600966,17.0843331157006,44.05403215067311,17824.66695263994,0.05340356137079097,0.05919882888567114
ankrETH-WETH_BalancerLP Aura 26SEP2024,0.0005,24 Apr 2023,26 Sept 2024,4-DEX,ETH,Ankr,1,0.14134108588648747,260945.44145415182,945.1161141962288,4208.11788624999,18.531688513651545,82.51211541666648,14150.992244101968,0.11541463211333702,0.05422969707860676
rETH-WETH_BalancerLP Aura 26DEC2024,0.0005,24 Apr 2023,26 Dec 2024,4-DEX,ETH,Balancer,1,0.021898799269447773,252093.4409447378,2538.9467924160826,7755.738309394863,63.473669810402065,193.89345773487156,40605.71185528032,0.28073365101451436,0.16107405136407982
Renzo ezETH 26SEP2024,0.003,21 Apr 2024,26 Sept 2024,2-Restaking,ETH,Renzo,56,0.14329114273960192,222487.35047545526,1691.4245281256024,6685.437661790386,14.213651496853801,56.18014841840661,13760.680318027684,0.09216593270987151,0.06184927048041663
Savings crvUSD 26JUN2025,0.002,4 Dec 2024,26 Jun 2025,3-Lending,Stable,Curve,1,0.13659629477870217,219067.4202560973,751.0885708105168,1330.1750635453832,25.89960589001782,45.86810563949597,24945.12342507147,0.07642331542884938,0.11386961783687308
Silo crvUSD 26SEP2024,0.003,11 Jun 2024,26 Sept 2024,3-Lending,Stable,Silo,1,0.12409114444230045,208345.03417161424,148.223873013853,424.9265390754431,4.7814152585113865,13.707307712111067,18233.245951332156,0.024013854396929955,0.08751466539064902
Sophon Farming PEPE 26SEP2024,0.001,26 Aug 2024,26 Sept 2024,8-Other,Other,Sophon,1,0.28850011574571127,165795.58219091134,147.21508953665,1311.1153650532183,5.4524107235796295,48.55982833530438,102789.98045934326,0.10690476252845373,0.6199802135920727
ETHx-BbAWeth_BalancerLP Aura 26SEP2024,0.0005,26 Jul 2023,26 Sept 2024,4-DEX,ETH,Balancer,1,0.04844740783443349,133421.93638974824,1772.049092267457,4300.469245676717,57.16287394411151,138.7248143766683,51993.87832182322,0.3795069882629476,0.3896951260693761
GM ARB-USDC 28MAR2024,0.001,14 Nov 2023,28 Mar 2024,4-DEX,Stable,GMX,42161,0.14002925623574305,127705.56488242927,368.37905726943006,1812.795951756557,3.019500469421558,14.85898321111932,13232.403515997084,0.04246900968686573,0.10361649884387851
sAPE 29JUN2023,0.0005,13 Dec 2022,29 Jun 2023,8-Other,Other,BAYC,1,0.9768938591810936,123501.88262758886,305.01187223997596,2183.3921372759855,2.0749106955100407,14.85300773657133,5372.592958009143,0.04389688406772087,0.04350211384396314
Renzo REZ Staking 26SEP2024,0.001,29 Jun 2024,26 Sept 2024,8-Other,Other,Renzo,1,0.17204064649476142,102057.13233953183,148.12364494290696,1393.3961594200491,2.6931571807801267,25.334475625819074,15964.237373616368,0.09060693154359878,0.15642451446220598
ankrETH-WETH_BalancerLP Aura 28MAR2024,0.0005,13 Mar 2023,28 Mar 2024,4-DEX,ETH,Ankr,1,0.0815487752336017,98260.43205943695,2114.9773143285274,8681.452429284926,50.356602722107795,206.70124831630775,50924.52082381885,0.767816241534697,0.5182607053164087
weETH 26SEP2024,0.003,14 May 2024,26 Sept 2024,2-Restaking,ETH,Ether.fi,56,0.11704018061379642,87308.57632834674,443.25669906220804,2501.2807942591635,4.870952736947341,27.486602134716083,6506.425664338866,0.11490978551111769,0.07452218256165065
LOOKS Staking 30MAR2023,0.0005,23 Nov 2022,30 Mar 2023,1-Staking,Other,LOOKS,1,0.2698608595835424,60962.44959964961,113.72126809162799,865.3105396596432,1.536773893130108,11.693385671076259,9120.985231808689,0.07001171701550794,0.14961644900603063
Staked ePENDLE 26DEC2024,0.001,18 Oct 2024,26 Dec 2024,8-Other,Other,Penpie,42161,null,3428.522769858451,0,0,0,0,0,0,0
sETH-wstEthSilo 28MAR2024,null,null,null,null,null,null,42161,null,474.13229965880487,null,null,null,null,null,null,null
vETH-WETH_BalancerLP Aura 26SEP2024,null,null,null,null,null,null,1,0.06414690976099992,27.32418332162125,2.18007333226,2.18007333226,2.18007333226,2.18007333226,1958.465356255374,29.121703544026964,71.67516529965847
ether.fi eBTC 27MAR2025,null,null,null,null,null,null,1,null,2.8546876768796343,null,null,null,null,null,null,null
Venus BNB 26JUN2025,0.001,23 Oct 2024,26 Jun 2025,3-Lending,Other,Venus,56,null,null,null,null,null,null,null,null,null
PENDLE-ETH_Camelot 26JUN2025,null,null,null,null,null,null,42161,null,null,null,null,null,null,null,null,null
Staking MNT 26DEC2024,null,null,null,null,null,null,5000,null,null,null,null,null,null,null,null,null
Sophon Farming PEPE 26DEC2024,null,null,null,null,null,null,1,null,null,null,null,null,null,null,null,null
mPendle 26DEC2024,null,null,null,null,null,null,42161,null,null,null,null,null,null,null,null,null
oETH 25DEC2025,null,null,null,null,null,null,1,null,null,null,null,null,null,null,null,null
Stargate USDT 27JUN2024,null,null,null,null,null,null,42161,null,null,null,null,null,null,null,null,null
Stargate USDT 27JUN2024,null,null,null,null,null,null,1,null,null,null,null,null,null,null,null,null
gDAI 26DEC2024,null,null,null,null,null,null,42161,null,null,null,null,null,null,null,null,null
Ethena USDe 31OCT2024,null,null,null,null,null,null,1,null,null,null,null,null,null,null,null,null
Ethena sUSDE 31OCT2024,null,null,null,null,null,null,1,null,null,null,null,null,null,null,null,null
Zircuit Staking USDe 22AUG2024,0.003,24 Jun 2024,22 Aug 2024,6-Stablecoins,Stable,Ethena,1,null,null,null,null,null,null,null,null,null