day,daily_users
2024/10/27,213
2024/10/26,229
2024/10/25,375
2024/10/24,288
2024/10/23,319
2024/10/22,283
2024/10/21,303
2024/10/20,241
2024/10/19,182
2024/10/18,284
2024/10/17,281
2024/10/16,310
2024/10/15,349
2024/10/14,407
2024/10/13,259
2024/10/12,234
2024/10/11,295
2024/10/10,287
2024/10/9,255
2024/10/8,230
2024/10/7,253
2024/10/6,161
2024/10/5,154
2024/10/4,259
2024/10/3,266
2024/10/2,293
2024/10/1,327
2024/9/30,277
2024/9/29,187
2024/9/28,190
2024/9/27,247
2024/9/26,267
2024/9/25,234
2024/9/24,246
2024/9/23,233
2024/9/22,172
2024/9/21,161
2024/9/20,232
2024/9/19,271
2024/9/18,270
2024/9/17,255
2024/9/16,209
2024/9/15,174
2024/9/14,150
2024/9/13,211
2024/9/12,207
2024/9/11,211
2024/9/10,209
2024/9/9,242
2024/9/8,166
2024/9/7,152
2024/9/6,269
2024/9/5,193
2024/9/4,229
2024/9/3,210
2024/9/2,190
2024/9/1,178
2024/8/31,132
2024/8/30,232
2024/8/29,210
2024/8/28,240
2024/8/27,265
2024/8/26,263
2024/8/25,207
2024/8/24,189
2024/8/23,267
2024/8/22,201
2024/8/21,240
2024/8/20,227
2024/8/19,216
2024/8/18,169
2024/8/17,113
2024/8/16,201
2024/8/15,227
2024/8/14,221
2024/8/13,200
2024/8/12,219
2024/8/11,196
2024/8/10,155
2024/8/9,216
2024/8/8,233
2024/8/7,220
2024/8/6,217
2024/8/5,384
2024/8/4,232
2024/8/3,190
2024/8/2,277
2024/8/1,277
2024/7/31,225
2024/7/30,220
2024/7/29,242
2024/7/28,153
2024/7/27,208
2024/7/26,207
2024/7/25,279
2024/7/24,245
2024/7/23,252
2024/7/22,214
2024/7/21,209
2024/7/20,179
2024/7/19,229
2024/7/18,236
2024/7/17,247
2024/7/16,259
2024/7/15,262
2024/7/14,185
2024/7/13,170
2024/7/12,210
2024/7/11,239
2024/7/10,231
2024/7/9,206
2024/7/8,215
2024/7/7,185
2024/7/6,182
2024/7/5,297
2024/7/4,288
2024/7/3,286
2024/7/2,236
2024/7/1,223
2024/6/30,169
2024/6/29,125
2024/6/28,182
2024/6/27,169
2024/6/26,173
2024/6/25,174
2024/6/24,234
2024/6/23,156
2024/6/22,98
2024/6/21,170
2024/6/20,178
2024/6/19,169
2024/6/18,247
2024/6/17,207
2024/6/16,135
2024/6/15,123
2024/6/14,207
2024/6/13,190
2024/6/12,220
2024/6/11,247
2024/6/10,175
2024/6/9,117
2024/6/8,141
2024/6/7,276
2024/6/6,183
2024/6/5,189
2024/6/4,192
2024/6/3,200
2024/6/2,137
2024/6/1,103
2024/5/31,175
2024/5/30,194
2024/5/29,185
2024/5/28,187
2024/5/27,167
2024/5/26,143
2024/5/25,120
2024/5/24,183
2024/5/23,251
2024/5/22,202
2024/5/21,210
2024/5/20,240
2024/5/19,143
2024/5/18,134
2024/5/17,175
2024/5/16,203
2024/5/15,253
2024/5/14,195
2024/5/13,200
2024/5/12,107
2024/5/11,115
2024/5/10,184
2024/5/9,194
2024/5/8,216
2024/5/7,197
2024/5/6,205
2024/5/5,149
2024/5/4,152
2024/5/3,222
2024/5/2,181
2024/5/1,268
2024/4/30,264
2024/4/29,203
2024/4/28,148
2024/4/27,139
2024/4/26,160
2024/4/25,184
2024/4/24,224
2024/4/23,202
2024/4/22,195
2024/4/21,139
2024/4/20,161
2024/4/19,254
2024/4/18,193
2024/4/17,228
2024/4/16,190
2024/4/15,231
2024/4/14,194
2024/4/13,311
2024/4/12,367
2024/4/11,219
2024/4/10,277
2024/4/9,270
2024/4/8,268
2024/4/7,190
2024/4/6,164
2024/4/5,244
2024/4/4,251
2024/4/3,274
2024/4/2,346
2024/4/1,331
2024/3/31,189
2024/3/30,215
2024/3/29,297
2024/3/28,257
2024/3/27,306
2024/3/26,281
2024/3/25,291
2024/3/24,193
2024/3/23,186
2024/3/22,306
2024/3/21,323
2024/3/20,412
2024/3/19,490
2024/3/18,338
2024/3/17,294
2024/3/16,348
2024/3/15,491
2024/3/14,455
2024/3/13,403
2024/3/12,450
2024/3/11,425
2024/3/10,333
2024/3/9,300
2024/3/8,461
2024/3/7,411
2024/3/6,414
2024/3/5,618
2024/3/4,556
2024/3/3,396
2024/3/2,352
2024/3/1,409
2024/2/29,497
2024/2/28,561
2024/2/27,465
2024/2/26,433
2024/2/25,285
2024/2/24,293
2024/2/23,407
2024/2/22,437
2024/2/21,480
2024/2/20,541
2024/2/19,470
2024/2/18,390
2024/2/17,410
2024/2/16,482
2024/2/15,646
2024/2/14,477
2024/2/13,724
2024/2/12,665
2024/2/11,452
2024/2/10,590
2024/2/9,525
2024/2/8,1053
2024/2/7,1155
2024/2/6,1089
2024/2/5,1062
2024/2/4,502
2024/2/3,554
2024/2/2,630
2024/2/1,1023
2024/1/31,1006
2024/1/30,1076
2024/1/29,1002
2024/1/28,923
2024/1/27,861
2024/1/26,666
2024/1/25,910
2024/1/24,1059
2024/1/23,927
2024/1/22,886
2024/1/21,394
2024/1/20,655
2024/1/19,744
2024/1/18,996
2024/1/17,753
2024/1/16,817
2024/1/15,994
2024/1/14,759
2024/1/13,808
2024/1/12,916
2024/1/11,1174
2024/1/10,844
2024/1/9,627
2024/1/8,635
2024/1/7,478
2024/1/6,439
2024/1/5,539
2024/1/4,507
2024/1/3,683
2024/1/2,564
2024/1/1,315
2023/12/31,389
2023/12/30,382
2023/12/29,465
2023/12/28,352
2023/12/27,307
2023/12/26,339
2023/12/25,225
2023/12/24,273
2023/12/23,245
2023/12/22,334
2023/12/21,294
2023/12/20,284
2023/12/19,291
2023/12/18,337
2023/12/17,240
2023/12/16,215
2023/12/15,265
2023/12/14,298
2023/12/13,312
2023/12/12,319
2023/12/11,434
2023/12/10,236
2023/12/9,310
2023/12/8,366
2023/12/7,353
2023/12/6,352
2023/12/5,364
2023/12/4,413
2023/12/3,226
2023/12/2,240
2023/12/1,283
2023/11/30,226
2023/11/29,256
2023/11/28,246
2023/11/27,259
2023/11/26,185
2023/11/25,170
2023/11/24,245
2023/11/23,215
2023/11/22,283
2023/11/21,389
2023/11/20,308
2023/11/19,208
2023/11/18,199
2023/11/17,317
2023/11/16,370
2023/11/15,350
2023/11/14,425
2023/11/13,401
2023/11/12,313
2023/11/11,309
2023/11/10,359
2023/11/9,474
2023/11/8,298
2023/11/7,343
2023/11/6,310
2023/11/5,249
2023/11/4,197
2023/11/3,239
2023/11/2,394
2023/11/1,386
2023/10/31,313
2023/10/30,299
2023/10/29,214
2023/10/28,175
2023/10/27,281
2023/10/26,310
2023/10/25,356
2023/10/24,409
2023/10/23,415
2023/10/22,201
2023/10/21,233
2023/10/20,285
2023/10/19,294
2023/10/18,249
2023/10/17,249
2023/10/16,331
2023/10/15,146
2023/10/14,98
2023/10/13,236
2023/10/12,249
2023/10/11,248
2023/10/10,211
2023/10/9,278
2023/10/8,153
2023/10/7,137
2023/10/6,207
2023/10/5,219
2023/10/4,239
2023/10/3,252
2023/10/2,278
2023/10/1,199
2023/9/30,151
2023/9/29,225
2023/9/28,241
2023/9/27,230
2023/9/26,187
2023/9/25,177
2023/9/24,162
2023/9/23,101
2023/9/22,183
2023/9/21,234
2023/9/20,226
2023/9/19,202
2023/9/18,228
2023/9/17,121
2023/9/16,122
2023/9/15,203
2023/9/14,228
2023/9/13,223
2023/9/12,255
2023/9/11,277
2023/9/10,181
2023/9/9,71
2023/9/8,175
2023/9/7,203
2023/9/6,226
2023/9/5,208
2023/9/4,172
2023/9/3,120
2023/9/2,111
2023/9/1,255
2023/8/31,308
2023/8/30,233
2023/8/29,320
2023/8/28,190
2023/8/27,103
2023/8/26,81
2023/8/25,216
2023/8/24,218
2023/8/23,251
2023/8/22,273
2023/8/21,208
2023/8/20,116
2023/8/19,140
2023/8/18,243
2023/8/17,438
2023/8/16,313
2023/8/15,282
2023/8/14,264
2023/8/13,163
2023/8/12,128
2023/8/11,237
2023/8/10,298
2023/8/9,284
2023/8/8,329
2023/8/7,302
2023/8/6,172
2023/8/5,182
2023/8/4,304
2023/8/3,313
2023/8/2,357
2023/8/1,445
2023/7/31,304
2023/7/30,267
2023/7/29,153
2023/7/28,241
2023/7/27,300
2023/7/26,342
2023/7/25,276
2023/7/24,402
2023/7/23,216
2023/7/22,243
2023/7/21,298
2023/7/20,385
2023/7/19,330
2023/7/18,365
2023/7/17,382
2023/7/16,267
2023/7/15,225
2023/7/14,488
2023/7/13,574
2023/7/12,355
2023/7/11,268
2023/7/10,339
2023/7/9,141
2023/7/8,150
2023/7/7,296
2023/7/6,393
2023/7/5,335
2023/7/4,307
2023/7/3,304
2023/7/2,238
2023/7/1,183
2023/6/30,392
2023/6/29,302
2023/6/28,370
2023/6/27,334
2023/6/26,359
2023/6/25,236
2023/6/24,221
2023/6/23,385
2023/6/22,375
2023/6/21,422
2023/6/20,434
2023/6/19,318
2023/6/18,208
2023/6/17,247
2023/6/16,372
2023/6/15,411
2023/6/14,492
2023/6/13,420
2023/6/12,361
2023/6/11,216
2023/6/10,415
2023/6/9,335
2023/6/8,317
2023/6/7,410
2023/6/6,416
2023/6/5,494
2023/6/4,195
2023/6/3,159
2023/6/2,336
2023/6/1,318
2023/5/31,355
2023/5/30,373
2023/5/29,314
2023/5/28,289
2023/5/27,149
2023/5/26,346
2023/5/25,396
2023/5/24,455
2023/5/23,360
2023/5/22,326
2023/5/21,183
2023/5/20,152
2023/5/19,311
2023/5/18,401
2023/5/17,409
2023/5/16,353
2023/5/15,377
2023/5/14,188
2023/5/13,203
2023/5/12,461
2023/5/11,453
2023/5/10,479
2023/5/9,337
2023/5/8,496
2023/5/7,223
2023/5/6,325
2023/5/5,387
2023/5/4,349
2023/5/3,404
2023/5/2,351
2023/5/1,441
2023/4/30,245
2023/4/29,195
2023/4/28,355
2023/4/27,392
2023/4/26,550
2023/4/25,488
2023/4/24,428
2023/4/23,297
2023/4/22,275
2023/4/21,538
2023/4/20,532
2023/4/19,639
2023/4/18,504
2023/4/17,532
2023/4/16,368
2023/4/15,328
2023/4/14,654
2023/4/13,556
2023/4/12,529
2023/4/11,508
2023/4/10,477
2023/4/9,287
2023/4/8,243
2023/4/7,304
2023/4/6,429
2023/4/5,541
2023/4/4,506
2023/4/3,588
2023/4/2,376
2023/4/1,298
2023/3/31,465
2023/3/30,506
2023/3/29,493
2023/3/28,436
2023/3/27,522
2023/3/26,317
2023/3/25,295
2023/3/24,446
2023/3/23,452
2023/3/22,572
2023/3/21,444
2023/3/20,501
2023/3/19,416
2023/3/18,435
2023/3/17,580
2023/3/16,461
2023/3/15,555
2023/3/14,617
2023/3/13,588
2023/3/12,429
2023/3/11,409
2023/3/10,562
2023/3/9,542
2023/3/8,456
2023/3/7,448
2023/3/6,302
2023/3/5,247
2023/3/4,255
2023/3/3,506
2023/3/2,375
2023/3/1,389
2023/2/28,359
2023/2/27,429
2023/2/26,313
2023/2/25,342
2023/2/24,493
2023/2/23,459
2023/2/22,574
2023/2/21,565
2023/2/20,468
2023/2/19,382
2023/2/18,330
2023/2/17,521
2023/2/16,596
2023/2/15,546
2023/2/14,530
2023/2/13,502
2023/2/12,327
2023/2/11,299
2023/2/10,474
2023/2/9,638
2023/2/8,490
2023/2/7,484
2023/2/6,441
2023/2/5,412
2023/2/4,352
2023/2/3,485
2023/2/2,604
2023/2/1,575
2023/1/31,492
2023/1/30,576
2023/1/29,473
2023/1/28,374
2023/1/27,574
2023/1/26,537
2023/1/25,615
2023/1/24,505
2023/1/23,460
2023/1/22,436
2023/1/21,447
2023/1/20,540
2023/1/19,421
2023/1/18,557
2023/1/17,411
2023/1/16,440
2023/1/15,355
2023/1/14,525
2023/1/13,521
2023/1/12,550
2023/1/11,416
2023/1/10,326
2023/1/9,493
2023/1/8,295
2023/1/7,189
2023/1/6,380
2023/1/5,310
2023/1/4,437
2023/1/3,329
2023/1/2,271
2023/1/1,166
2022/12/31,157
2022/12/30,280
2022/12/29,277
2022/12/28,296
2022/12/27,206
2022/12/26,167
2022/12/25,127
2022/12/24,107
2022/12/23,230
2022/12/22,305
2022/12/21,260
2022/12/20,300
2022/12/19,303
2022/12/18,202
2022/12/17,232
2022/12/16,454
2022/12/15,365
2022/12/14,368
2022/12/13,453
2022/12/12,331
2022/12/11,185
2022/12/10,165
2022/12/9,293
2022/12/8,326
2022/12/7,325
2022/12/6,286
2022/12/5,333
2022/12/4,202
2022/12/3,206
2022/12/2,306
2022/12/1,341
2022/11/30,444
2022/11/29,358
2022/11/28,419
2022/11/27,253
2022/11/26,292
2022/11/25,323
2022/11/24,348
2022/11/23,436
2022/11/22,476
2022/11/21,480
2022/11/20,351
2022/11/19,235
2022/11/18,348
2022/11/17,388
2022/11/16,388
2022/11/15,451
2022/11/14,461
2022/11/13,351
2022/11/12,359
2022/11/11,442
2022/11/10,595
2022/11/9,630
2022/11/8,620
2022/11/7,388
2022/11/6,326
2022/11/5,278
2022/11/4,397
2022/11/3,328
2022/11/2,392
2022/11/1,324
2022/10/31,320
2022/10/30,244
2022/10/29,311
2022/10/28,320
2022/10/27,284
2022/10/26,291
2022/10/25,333
2022/10/24,250
2022/10/23,175
2022/10/22,133
2022/10/21,258
2022/10/20,248
2022/10/19,228
2022/10/18,251
2022/10/17,242
2022/10/16,175
2022/10/15,135
2022/10/14,268
2022/10/13,389
2022/10/12,231
2022/10/11,300
2022/10/10,276
2022/10/9,158
2022/10/8,178
2022/10/7,267
2022/10/6,267
2022/10/5,278
2022/10/4,286
2022/10/3,243
2022/10/2,163
2022/10/1,132
2022/9/30,224
2022/9/29,234
2022/9/28,254
2022/9/27,267
2022/9/26,208
2022/9/25,137
2022/9/24,137
2022/9/23,222
2022/9/22,217
2022/9/21,260
2022/9/20,185
2022/9/19,230
2022/9/18,185
2022/9/17,120
2022/9/16,182
2022/9/15,235
2022/9/14,186
2022/9/13,260
2022/9/12,192
2022/9/11,133
2022/9/10,134
2022/9/9,221
2022/9/8,185
2022/9/7,200
2022/9/6,237
2022/9/5,142
2022/9/4,109
2022/9/3,109
2022/9/2,172
2022/9/1,179
2022/8/31,147
2022/8/30,183
2022/8/29,175
2022/8/28,154
2022/8/27,144
2022/8/26,233
2022/8/25,173
2022/8/24,175
2022/8/23,179
2022/8/22,171
2022/8/21,138
2022/8/20,157
2022/8/19,240
2022/8/18,169
2022/8/17,210
2022/8/16,183
2022/8/15,210
2022/8/14,171
2022/8/13,173
2022/8/12,186
2022/8/11,199
2022/8/10,211
2022/8/9,190
2022/8/8,173
2022/8/7,127
2022/8/6,103
2022/8/5,180
2022/8/4,157
2022/8/3,184
2022/8/2,175
2022/8/1,161
2022/7/31,120
2022/7/30,139
2022/7/29,196
2022/7/28,212
2022/7/27,200
2022/7/26,164
2022/7/25,167
2022/7/24,122
2022/7/23,113
2022/7/22,163
2022/7/21,162
2022/7/20,176
2022/7/19,181
2022/7/18,213
2022/7/17,127
2022/7/16,119
2022/7/15,150
2022/7/14,163
2022/7/13,170
2022/7/12,150
2022/7/11,132
2022/7/10,100
2022/7/9,74
2022/7/8,121
2022/7/7,140
2022/7/6,111
2022/7/5,129
2022/7/4,120
2022/7/3,85
2022/7/2,71
2022/7/1,115
2022/6/30,138
2022/6/29,98
2022/6/28,104
2022/6/27,101
2022/6/26,88
2022/6/25,93
2022/6/24,127
2022/6/23,121
2022/6/22,115
2022/6/21,129
2022/6/20,104
2022/6/19,123
2022/6/18,148
2022/6/17,100
2022/6/16,134
2022/6/15,167
2022/6/14,146
2022/6/13,187
2022/6/12,130
2022/6/11,131
2022/6/10,148
2022/6/9,108
2022/6/8,114
2022/6/7,150
2022/6/6,131
2022/6/5,83
2022/6/4,93
2022/6/3,111
2022/6/2,109
2022/6/1,152
2022/5/31,132
2022/5/30,138
2022/5/29,80
2022/5/28,95
2022/5/27,137
2022/5/26,159
2022/5/25,119
2022/5/24,137
2022/5/23,141
2022/5/22,95
2022/5/21,83
2022/5/20,152
2022/5/19,151
2022/5/18,158
2022/5/17,144
2022/5/16,147
2022/5/15,120
2022/5/14,117
2022/5/13,73
2022/5/12,254
2022/5/11,293
2022/5/10,258
2022/5/9,277
2022/5/8,194
2022/5/7,175
2022/5/6,179
2022/5/5,215
2022/5/4,204
2022/5/3,146
2022/5/2,147
2022/5/1,170
2022/4/30,181
2022/4/29,168
2022/4/28,157
2022/4/27,133
2022/4/26,149
2022/4/25,164
2022/4/24,107
2022/4/23,112
2022/4/22,136
2022/4/21,220
2022/4/20,185
2022/4/19,168
2022/4/18,206
2022/4/17,106
2022/4/16,93
2022/4/15,102
2022/4/14,132
2022/4/13,130
2022/4/12,154
2022/4/11,185
2022/4/10,118
2022/4/9,99
2022/4/8,143
2022/4/7,135
2022/4/6,200
2022/4/5,166
2022/4/4,161
2022/4/3,125
2022/4/2,193
2022/4/1,273
2022/3/31,284
2022/3/30,194
2022/3/29,214
2022/3/28,213
2022/3/27,215
2022/3/26,144
2022/3/25,174
2022/3/24,185
2022/3/23,167
2022/3/22,182
2022/3/21,176
2022/3/20,133
2022/3/19,135
2022/3/18,137
2022/3/17,107
2022/3/16,126
2022/3/15,123
2022/3/14,136
2022/3/13,108
2022/3/12,94
2022/3/11,112
2022/3/10,121
2022/3/9,146
2022/3/8,115
2022/3/7,147
2022/3/6,124
2022/3/5,96
2022/3/4,148
2022/3/3,110
2022/3/2,108
2022/3/1,120
2022/2/28,133
2022/2/27,115
2022/2/26,97
2022/2/25,127
2022/2/24,175
2022/2/23,123
2022/2/22,144
2022/2/21,156
2022/2/20,164
2022/2/19,124
2022/2/18,178
2022/2/17,198
2022/2/16,151
2022/2/15,180
2022/2/14,146
2022/2/13,117
2022/2/12,128
2022/2/11,181
2022/2/10,182
2022/2/9,149
2022/2/8,166
2022/2/7,206
2022/2/6,321
2022/2/5,230
2022/2/4,421
2022/2/3,259
2022/2/2,315
2022/2/1,313
2022/1/31,292
2022/1/30,288
2022/1/29,272
2022/1/28,198
2022/1/27,157
2022/1/26,188
2022/1/25,123
2022/1/24,185
2022/1/23,134
2022/1/22,117
2022/1/21,282
2022/1/20,220
2022/1/19,194
2022/1/18,228
2022/1/17,213
2022/1/16,235
2022/1/15,165
2022/1/14,209
2022/1/13,193
2022/1/12,179
2022/1/11,183
2022/1/10,193
2022/1/9,145
2022/1/8,140
2022/1/7,130
2022/1/6,101
2022/1/5,128
2022/1/4,84
2022/1/3,142
2022/1/2,109
2022/1/1,85
2021/12/31,125
2021/12/30,118
2021/12/29,155
2021/12/28,169
2021/12/27,133
2021/12/26,123
2021/12/25,102
2021/12/24,122
2021/12/23,151
2021/12/22,128
2021/12/21,124
2021/12/20,74
2021/12/19,72
2021/12/18,93
2021/12/17,124
2021/12/16,89
2021/12/15,117
2021/12/14,102
2021/12/13,136
2021/12/12,80
2021/12/11,84
2021/12/10,101
2021/12/9,110
2021/12/8,91
2021/12/7,89
2021/12/6,94
2021/12/5,95
2021/12/4,129
2021/12/3,100
2021/12/2,77
2021/12/1,74
2021/11/30,78
2021/11/29,83
2021/11/28,80
2021/11/27,69
2021/11/26,111
2021/11/25,81
2021/11/24,77
2021/11/23,81
2021/11/22,100
2021/11/21,78
2021/11/20,90
2021/11/19,96
2021/11/18,130
2021/11/17,90
2021/11/16,163
2021/11/15,111
2021/11/14,83
2021/11/13,76
2021/11/12,114
2021/11/11,98
2021/11/10,133
2021/11/9,105
2021/11/8,111
2021/11/7,69
2021/11/6,87
2021/11/5,94
2021/11/4,84
2021/11/3,107
2021/11/2,94
2021/11/1,98
2021/10/31,93
2021/10/30,84
2021/10/29,86
2021/10/28,99
2021/10/27,117
2021/10/26,104
2021/10/25,86
2021/10/24,74
2021/10/23,70
2021/10/22,94
2021/10/21,104
2021/10/20,84
2021/10/19,75
2021/10/18,84
2021/10/17,64
2021/10/16,61
2021/10/15,75
2021/10/14,39
